#
# There is insufficient memory for the Java Runtime Environment to continue.
# Native memory allocation (malloc) failed to allocate 32784 bytes. Error detail: Chunk::new
# Possible reasons:
#   The system is out of physical RAM or swap space
#   This process is running with CompressedOops enabled, and the Java Heap may be blocking the growth of the native heap
# Possible solutions:
#   Reduce memory load on the system
#   Increase physical memory or swap space
#   Check if swap backing store is full
#   Decrease Java heap size (-Xmx/-Xms)
#   Decrease number of Java threads
#   Decrease Java thread stack sizes (-Xss)
#   Set larger code cache with -XX:ReservedCodeCacheSize=
#   JVM is running with Unscaled Compressed Oops mode in which the Java heap is
#     placed in the first 4GB address space. The Java Heap base address is the
#     maximum limit for the native heap growth. Please use -XX:HeapBaseMinAddress
#     to set the Java Heap base and to place the Java Heap above 4GB virtual address.
# This output file may be truncated or incomplete.
#
#  Out of Memory Error (arena.cpp:191), pid=30064, tid=13676
#
# JRE version: OpenJDK Runtime Environment Temurin-17.0.17+10 (17.0.17+10) (build 17.0.17+10)
# Java VM: OpenJDK 64-Bit Server VM Temurin-17.0.17+10 (17.0.17+10, mixed mode, sharing, tiered, compressed oops, compressed class ptrs, g1 gc, windows-amd64)
# No core dump will be written. Minidumps are not enabled by default on client versions of Windows
#

---------------  S U M M A R Y ------------

Command Line: --add-opens=java.base/java.lang=ALL-UNNAMED --add-opens=java.base/java.lang.invoke=ALL-UNNAMED --add-opens=java.base/java.util=ALL-UNNAMED --add-opens=java.prefs/java.util.prefs=ALL-UNNAMED --add-exports=jdk.compiler/com.sun.tools.javac.api=ALL-UNNAMED --add-exports=jdk.compiler/com.sun.tools.javac.util=ALL-UNNAMED --add-opens=java.base/java.util=ALL-UNNAMED --add-opens=java.prefs/java.util.prefs=ALL-UNNAMED --add-opens=java.base/java.nio.charset=ALL-UNNAMED --add-opens=java.base/java.net=ALL-UNNAMED --add-opens=java.base/java.util.concurrent.atomic=ALL-UNNAMED --add-opens=java.xml/javax.xml.namespace=ALL-UNNAMED -XX:MaxMetaspaceSize=512m -Xmx2048m -Dfile.encoding=windows-1252 -Duser.country=US -Duser.language=en -Duser.variant -javaagent:C:\Users\MSI\.gradle\wrapper\dists\gradle-8.14.3-bin\cv11ve7ro1n3o1j4so8xd9n66\gradle-8.14.3\lib\agents\gradle-instrumentation-agent-8.14.3.jar org.gradle.launcher.daemon.bootstrap.GradleDaemon 8.14.3

Host: Intel(R) Core(TM) i5-10500H CPU @ 2.50GHz, 12 cores, 15G,  Windows 10 , 64 bit Build 19041 (10.0.19041.5915)
Time: Thu May 14 02:47:24 2026 Sri Lanka Standard Time elapsed time: 185.891083 seconds (0d 0h 3m 5s)

---------------  T H R E A D  ---------------

Current thread (0x000002199f005dd0):  JavaThread "C2 CompilerThread0" daemon [_thread_in_native, id=13676, stack(0x0000002a69000000,0x0000002a69100000)]


Current CompileTask:
C2:185891 69994       4       org.jetbrains.org.objectweb.asm.ClassReader::readMethod (1095 bytes)

Stack: [0x0000002a69000000,0x0000002a69100000]
Native frames: (J=compiled Java code, j=interpreted, Vv=VM code, C=native code)
V  [jvm.dll+0x683fb9]
V  [jvm.dll+0x83a1b5]
V  [jvm.dll+0x83bc2e]
V  [jvm.dll+0x83c2b3]
V  [jvm.dll+0x248eff]
V  [jvm.dll+0xad496]
V  [jvm.dll+0xadb3c]
V  [jvm.dll+0xbad2d]
V  [jvm.dll+0x57ac0e]
V  [jvm.dll+0x578f90]
V  [jvm.dll+0x579980]
V  [jvm.dll+0x578dae]
V  [jvm.dll+0x578dc1]
V  [jvm.dll+0x578dc1]
V  [jvm.dll+0x578dc1]
V  [jvm.dll+0x578dc1]
V  [jvm.dll+0x578dc1]
V  [jvm.dll+0x578dc1]
V  [jvm.dll+0x578d75]
V  [jvm.dll+0x578d75]
V  [jvm.dll+0x578dc1]
V  [jvm.dll+0x578dc1]
V  [jvm.dll+0x578dc1]
V  [jvm.dll+0x578dc1]
V  [jvm.dll+0x578dc1]
V  [jvm.dll+0x58adfc]
V  [jvm.dll+0x222e84]
V  [jvm.dll+0x21b98f]
V  [jvm.dll+0x2190fe]
V  [jvm.dll+0x1a4920]
V  [jvm.dll+0x22989a]
V  [jvm.dll+0x227a4b]
V  [jvm.dll+0x7effb8]
V  [jvm.dll+0x7ea44c]
V  [jvm.dll+0x682e87]
C  [ucrtbase.dll+0x21bb2]
C  [KERNEL32.DLL+0x17374]
C  [ntdll.dll+0x4cc91]


---------------  P R O C E S S  ---------------

Threads class SMR info:
_java_thread_list=0x00000219b6bd86a0, length=277, elements={
0x00000219e11d6160, 0x00000219ffb49610, 0x00000219ffb4a290, 0x00000219ffb5e1b0,
0x000002199f002090, 0x000002199f002660, 0x000002199f003020, 0x000002199f005dd0,
0x000002199f008890, 0x000002199f00b2a0, 0x00000219ffb2b0f0, 0x000002199f1d14f0,
0x00000219a099cc30, 0x00000219a0c19560, 0x00000219a0cfe610, 0x00000219a0ce5110,
0x00000219a0ce4c00, 0x00000219a0ce5b30, 0x00000219a0ce6040, 0x00000219a0ce5620,
0x00000219a0ce6550, 0x00000219a0ce6a60, 0x00000219a0ce6f70, 0x00000219a0ce7480,
0x00000219a0ce7990, 0x00000219a0ce83b0, 0x00000219a12b3280, 0x00000219a12b55f0,
0x00000219a12aeba0, 0x00000219a12b0f10, 0x00000219a12b1e40, 0x00000219a12b3790,
0x00000219a12af0b0, 0x00000219a12b2350, 0x00000219a12b3ca0, 0x00000219a12af5c0,
0x00000219a12b5b00, 0x00000219a12b46c0, 0x00000219a12b4bd0, 0x00000219a12b0a00,
0x00000219a12b50e0, 0x00000219a12b1930, 0x00000219a12b6010, 0x00000219a12afad0,
0x00000219a12b6520, 0x00000219a12b1420, 0x00000219a12affe0, 0x00000219a12b04f0,
0x00000219a3e79d30, 0x00000219a3e79820, 0x00000219a3e7ac60, 0x00000219a3e7d4e0,
0x00000219a3e76070, 0x00000219a3e79310, 0x00000219a3e78e00, 0x00000219a3e76580,
0x00000219a3e7b170, 0x00000219a3e77ed0, 0x00000219a3e7d9f0, 0x00000219a3e774b0,
0x00000219a3e7b680, 0x00000219a3e76a90, 0x00000219a3e779c0, 0x00000219a3e76fa0,
0x00000219a3e783e0, 0x00000219a3e788f0, 0x00000219a3e7bb90, 0x00000219a3e7cac0,
0x00000219a3e7c5b0, 0x00000219a3e7c0a0, 0x00000219a3e7a240, 0x00000219a3e7a750,
0x00000219a3e7cfd0, 0x00000219a26f2ce0, 0x00000219a26f0970, 0x00000219a26f18a0,
0x00000219a26f3700, 0x00000219a26f5f80, 0x00000219a26f0e80, 0x00000219a26f1db0,
0x00000219a26f4120, 0x00000219a26f4b40, 0x00000219a26f6eb0, 0x00000219a26f73c0,
0x00000219a26f3c10, 0x00000219a26f4630, 0x00000219a26f5050, 0x00000219a26f5a70,
0x00000219a26f5560, 0x00000219a26eff50, 0x00000219a26f78d0, 0x00000219a26f0460,
0x00000219a26f22c0, 0x00000219a50a1b10, 0x00000219a50a2a40, 0x00000219a50a2020,
0x00000219a509de50, 0x00000219a509d430, 0x00000219a50a0be0, 0x00000219a509e360,
0x00000219a50a10f0, 0x00000219a509e870, 0x00000219a509f290, 0x00000219a50a3460,
0x00000219a509cf20, 0x00000219a50a06d0, 0x00000219a509d940, 0x00000219a509fcb0,
0x00000219a509ed80, 0x00000219a509f7a0, 0x00000219a50a01c0, 0x00000219a50a2530,
0x00000219a50a1600, 0x00000219a509c500, 0x00000219a50a2f50, 0x00000219a509bff0,
0x00000219a50a3970, 0x00000219a509ca10, 0x00000219a4a5d850, 0x00000219a4a600d0,
0x00000219a4a5dd60, 0x00000219a4a605e0, 0x00000219a4a5aac0, 0x00000219a4a5b4e0,
0x00000219a4a5e270, 0x00000219a4a5a5b0, 0x00000219a4a5c410, 0x00000219a4a5c920,
0x00000219a4a5afd0, 0x00000219a4a5ec90, 0x00000219a4a59b90, 0x00000219a4a5ce30,
0x00000219a4a61510, 0x00000219a4a5fbc0, 0x00000219a4a5a0a0, 0x00000219a4a5d340,
0x00000219a62e3360, 0x00000219a62e4cb0, 0x00000219a62e1f20, 0x00000219a62e51c0,
0x00000219a1568200, 0x00000219a1568710, 0x00000219a15672d0, 0x00000219a1566dc0,
0x00000219a41d6e90, 0x00000219a41d6980, 0x00000219a41d73a0, 0x00000219a41d78b0,
0x00000219a41d6470, 0x00000219a687d920, 0x00000219a687c9f0, 0x00000219a687d410,
0x00000219a687de30, 0x00000219a687e340, 0x00000219a464e670, 0x00000219a61ade70,
0x00000219a464eb80, 0x00000219a61ae380, 0x00000219a464f5a0, 0x00000219a61ae890,
0x00000219a464f090, 0x00000219a61acf40, 0x00000219a464ffc0, 0x00000219a61ad450,
0x00000219a464fab0, 0x00000219a687fc90, 0x00000219a1e6a340, 0x00000219a687e850,
0x00000219a61ad960, 0x00000219a68801a0, 0x00000219a34984e0, 0x00000219a687cf00,
0x00000219a3498f00, 0x00000219a34989f0, 0x00000219a46b6a60, 0x00000219a687ed60,
0x00000219a1e689f0, 0x00000219a46b46f0, 0x00000219a46b41e0, 0x00000219a46b5620,
0x00000219a3499920, 0x00000219a46b5b30, 0x00000219a1567cf0, 0x00000219a1e69410,
0x00000219a1e69920, 0x00000219a234c990, 0x00000219a5921630, 0x00000219a591fce0,
0x00000219a59201f0, 0x00000219a5920700, 0x00000219a5c86700, 0x00000219a15677e0,
0x00000219a5c85ce0, 0x00000219a5c857d0, 0x00000219a3499410, 0x00000219a687f780,
0x00000219a62e3d80, 0x00000219a35a4b70, 0x00000219a5c861f0, 0x00000219a151c1d0,
0x00000219a151c6e0, 0x00000219a151cbf0, 0x00000219a62e5be0, 0x00000219a7315e00,
0x00000219a234cea0, 0x00000219a234e2e0, 0x00000219a234e7f0, 0x00000219a687f270,
0x00000219a41d5f60, 0x00000219a46b6550, 0x00000219a7313fa0, 0x00000219a73158f0,
0x00000219a234d3b0, 0x00000219a234d8c0, 0x00000219a480df20, 0x00000219a480bbb0,
0x00000219a46b4c00, 0x00000219a234ddd0, 0x00000219a1e69e30, 0x00000219a1e68f00,
0x00000219a71f89d0, 0x00000219a73149c0, 0x00000219a71f7fb0, 0x00000219a7313070,
0x00000219a151db20, 0x00000219a216a550, 0x00000219a2169b30, 0x00000219a216c3b0,
0x00000219a216aa60, 0x00000219a216af70, 0x00000219a216b480, 0x00000219a216bea0,
0x00000219a2169110, 0x00000219a2168c00, 0x00000219a2169620, 0x00000219ad4c9d80,
0x00000219ad4cb6d0, 0x00000219a70fc360, 0x00000219a70f90c0, 0x00000219a234ed00,
0x00000219a234f210, 0x00000219a5732c50, 0x00000219a5733160, 0x00000219a234f720,
0x00000219a234bf70, 0x00000219a70fa500, 0x00000219a70f9ae0, 0x00000219a46b32b0,
0x00000219a70f95d0, 0x00000219a70faf20, 0x00000219a70f9ff0, 0x00000219a234c480,
0x00000219b4d4f690, 0x00000219ad4cc600, 0x00000219ad4cacb0, 0x00000219a1edfd90,
0x00000219a1edc5e0, 0x00000219a46b5110, 0x00000219a46b37c0, 0x00000219a62e1500,
0x00000219a1edcaf0, 0x00000219aea92fb0, 0x00000219b4c05ae0, 0x00000219aea934c0,
0x00000219b4c04bb0, 0x00000219a73144b0, 0x00000219a7314ed0, 0x00000219a35a3c40,
0x00000219a6250080, 0x00000219a624fb70, 0x00000219ad4c9870, 0x00000219a1edd000,
0x00000219a1edda20, 0x00000219a480c5d0, 0x00000219aecd1000, 0x00000219aecd42a0,
0x00000219b8944dc0
}

Java Threads: ( => current thread )
  0x00000219e11d6160 JavaThread "main" [_thread_blocked, id=23236, stack(0x0000002a68300000,0x0000002a68400000)]
  0x00000219ffb49610 JavaThread "Reference Handler" daemon [_thread_blocked, id=15172, stack(0x0000002a68a00000,0x0000002a68b00000)]
  0x00000219ffb4a290 JavaThread "Finalizer" daemon [_thread_blocked, id=28992, stack(0x0000002a68b00000,0x0000002a68c00000)]
  0x00000219ffb5e1b0 JavaThread "Signal Dispatcher" daemon [_thread_blocked, id=31776, stack(0x0000002a68c00000,0x0000002a68d00000)]
  0x000002199f002090 JavaThread "Attach Listener" daemon [_thread_blocked, id=23596, stack(0x0000002a68d00000,0x0000002a68e00000)]
  0x000002199f002660 JavaThread "Service Thread" daemon [_thread_blocked, id=6260, stack(0x0000002a68e00000,0x0000002a68f00000)]
  0x000002199f003020 JavaThread "Monitor Deflation Thread" daemon [_thread_blocked, id=23344, stack(0x0000002a68f00000,0x0000002a69000000)]
=>0x000002199f005dd0 JavaThread "C2 CompilerThread0" daemon [_thread_in_native, id=13676, stack(0x0000002a69000000,0x0000002a69100000)]
  0x000002199f008890 JavaThread "C1 CompilerThread0" daemon [_thread_blocked, id=29852, stack(0x0000002a69100000,0x0000002a69200000)]
  0x000002199f00b2a0 JavaThread "Sweeper thread" daemon [_thread_blocked, id=24316, stack(0x0000002a69200000,0x0000002a69300000)]
  0x00000219ffb2b0f0 JavaThread "Common-Cleaner" daemon [_thread_blocked, id=25576, stack(0x0000002a69300000,0x0000002a69400000)]
  0x000002199f1d14f0 JavaThread "Notification Thread" daemon [_thread_blocked, id=15392, stack(0x0000002a69400000,0x0000002a69500000)]
  0x00000219a099cc30 JavaThread "Daemon health stats" [_thread_blocked, id=15904, stack(0x0000002a69c00000,0x0000002a69d00000)]
  0x00000219a0c19560 JavaThread "Incoming local TCP Connector on port 63760" [_thread_in_native, id=27512, stack(0x0000002a69b00000,0x0000002a69c00000)]
  0x00000219a0cfe610 JavaThread "Daemon periodic checks" [_thread_blocked, id=30448, stack(0x0000002a69e00000,0x0000002a69f00000)]
  0x00000219a0ce5110 JavaThread "Daemon" [_thread_blocked, id=18080, stack(0x0000002a69f00000,0x0000002a6a000000)]
  0x00000219a0ce4c00 JavaThread "Handler for socket connection from /127.0.0.1:63760 to /127.0.0.1:63761" [_thread_in_native, id=9320, stack(0x0000002a6a000000,0x0000002a6a100000)]
  0x00000219a0ce5b30 JavaThread "Cancel handler" [_thread_blocked, id=21500, stack(0x0000002a6a100000,0x0000002a6a200000)]
  0x00000219a0ce6040 JavaThread "Daemon worker" [_thread_blocked, id=6908, stack(0x0000002a6a200000,0x0000002a6a300000)]
  0x00000219a0ce5620 JavaThread "Asynchronous log dispatcher for DefaultDaemonConnection: socket connection from /127.0.0.1:63760 to /127.0.0.1:63761" [_thread_blocked, id=15660, stack(0x0000002a6a300000,0x0000002a6a400000)]
  0x00000219a0ce6550 JavaThread "Stdin handler" [_thread_blocked, id=24088, stack(0x0000002a6a400000,0x0000002a6a500000)]
  0x00000219a0ce6a60 JavaThread "Daemon client event forwarder" [_thread_blocked, id=7652, stack(0x0000002a6a500000,0x0000002a6a600000)]
  0x00000219a0ce6f70 JavaThread "Cache worker for journal cache (C:\Users\MSI\.gradle\caches\journal-1)" [_thread_blocked, id=18512, stack(0x0000002a6a600000,0x0000002a6a700000)]
  0x00000219a0ce7480 JavaThread "File lock request listener" [_thread_in_native, id=25296, stack(0x0000002a6a700000,0x0000002a6a800000)]
  0x00000219a0ce7990 JavaThread "Cache worker for file hash cache (C:\Users\MSI\.gradle\caches\8.14.3\fileHashes)" [_thread_blocked, id=32468, stack(0x0000002a6a800000,0x0000002a6a900000)]
  0x00000219a0ce83b0 JavaThread "File lock release action executor" [_thread_blocked, id=5312, stack(0x0000002a6a900000,0x0000002a6aa00000)]
  0x00000219a12b3280 JavaThread "Cache worker for file hash cache (D:\EverestX\gastech-mobile-v1\android\.gradle\8.14.3\fileHashes)" [_thread_in_Java, id=15428, stack(0x0000002a6aa00000,0x0000002a6ab00000)]
  0x00000219a12b55f0 JavaThread "Cache worker for Build Output Cleanup Cache (D:\EverestX\gastech-mobile-v1\android\.gradle\buildOutputCleanup)" [_thread_blocked, id=17368, stack(0x0000002a6ab00000,0x0000002a6ac00000)]
  0x00000219a12aeba0 JavaThread "File watcher server" daemon [_thread_in_native, id=5176, stack(0x0000002a6b200000,0x0000002a6b300000)]
  0x00000219a12b0f10 JavaThread "File watcher consumer" daemon [_thread_blocked, id=30460, stack(0x0000002a6b300000,0x0000002a6b400000)]
  0x00000219a12b1e40 JavaThread "jar transforms" [_thread_blocked, id=22104, stack(0x0000002a6b500000,0x0000002a6b600000)]
  0x00000219a12b3790 JavaThread "Cache worker for checksums cache (D:\EverestX\gastech-mobile-v1\android\.gradle\8.14.3\checksums)" [_thread_blocked, id=26880, stack(0x0000002a6b600000,0x0000002a6b700000)]
  0x00000219a12af0b0 JavaThread "Cache worker for file content cache (C:\Users\MSI\.gradle\caches\8.14.3\fileContent)" [_thread_blocked, id=22924, stack(0x0000002a6b700000,0x0000002a6b800000)]
  0x00000219a12b2350 JavaThread "Exec process" [_thread_in_native, id=7560, stack(0x0000002a6b800000,0x0000002a6b900000)]
  0x00000219a12b3ca0 JavaThread "Exec process Thread 2" [_thread_in_native, id=11480, stack(0x0000002a6b900000,0x0000002a6ba00000)]
  0x00000219a12af5c0 JavaThread "Exec process Thread 3" [_thread_in_native, id=29432, stack(0x0000002a6ba00000,0x0000002a6bb00000)]
  0x00000219a12b5b00 JavaThread "Cache worker for cache directory md-supplier (C:\Users\MSI\.gradle\caches\8.14.3\md-supplier)" [_thread_blocked, id=22244, stack(0x0000002a6b400000,0x0000002a6b500000)]
  0x00000219a12b46c0 JavaThread "Cache worker for cache directory md-rule (C:\Users\MSI\.gradle\caches\8.14.3\md-rule)" [_thread_blocked, id=21392, stack(0x0000002a6bb00000,0x0000002a6bc00000)]
  0x00000219a12b4bd0 JavaThread "Cache worker for Build Output Cleanup Cache (D:\EverestX\gastech-mobile-v1\node_modules\@react-native\gradle-plugin\.gradle\buildOutputCleanup)" [_thread_blocked, id=13680, stack(0x0000002a6bc00000,0x0000002a6bd00000)]
  0x00000219a12b0a00 JavaThread "Unconstrained build operations" [_thread_blocked, id=5868, stack(0x0000002a6be00000,0x0000002a6bf00000)]
  0x00000219a12b50e0 JavaThread "Unconstrained build operations Thread 2" [_thread_blocked, id=7476, stack(0x0000002a6bf00000,0x0000002a6c000000)]
  0x00000219a12b1930 JavaThread "Unconstrained build operations Thread 3" [_thread_blocked, id=4308, stack(0x0000002a6c000000,0x0000002a6c100000)]
  0x00000219a12b6010 JavaThread "Unconstrained build operations Thread 4" [_thread_blocked, id=2252, stack(0x0000002a6c100000,0x0000002a6c200000)]
  0x00000219a12afad0 JavaThread "Unconstrained build operations Thread 5" [_thread_blocked, id=10360, stack(0x0000002a6c200000,0x0000002a6c300000)]
  0x00000219a12b6520 JavaThread "Unconstrained build operations Thread 6" [_thread_blocked, id=15312, stack(0x0000002a6c300000,0x0000002a6c400000)]
  0x00000219a12b1420 JavaThread "Cache worker for Build Output Cleanup Cache (D:\EverestX\gastech-mobile-v1\node_modules\expo-modules-autolinking\android\expo-gradle-plugin\.gradle\buildOutputCleanup)" [_thread_blocked, id=31924, stack(0x0000002a69d00000,0x0000002a69e00000)]
  0x00000219a12affe0 JavaThread "Unconstrained build operations Thread 7" [_thread_blocked, id=21208, stack(0x0000002a6c400000,0x0000002a6c500000)]
  0x00000219a12b04f0 JavaThread "Unconstrained build operations Thread 8" [_thread_blocked, id=27324, stack(0x0000002a6c500000,0x0000002a6c600000)]
  0x00000219a3e79d30 JavaThread "Unconstrained build operations Thread 9" [_thread_blocked, id=7004, stack(0x0000002a6c600000,0x0000002a6c700000)]
  0x00000219a3e79820 JavaThread "Unconstrained build operations Thread 10" [_thread_blocked, id=23224, stack(0x0000002a6c700000,0x0000002a6c800000)]
  0x00000219a3e7ac60 JavaThread "Unconstrained build operations Thread 11" [_thread_blocked, id=28860, stack(0x0000002a6c800000,0x0000002a6c900000)]
  0x00000219a3e7d4e0 JavaThread "Unconstrained build operations Thread 12" [_thread_blocked, id=20360, stack(0x0000002a6c900000,0x0000002a6ca00000)]
  0x00000219a3e76070 JavaThread "Unconstrained build operations Thread 13" [_thread_blocked, id=14068, stack(0x0000002a6ca00000,0x0000002a6cb00000)]
  0x00000219a3e79310 JavaThread "Unconstrained build operations Thread 14" [_thread_blocked, id=30796, stack(0x0000002a6cb00000,0x0000002a6cc00000)]
  0x00000219a3e78e00 JavaThread "Unconstrained build operations Thread 15" [_thread_blocked, id=28668, stack(0x0000002a6cc00000,0x0000002a6cd00000)]
  0x00000219a3e76580 JavaThread "Unconstrained build operations Thread 16" [_thread_blocked, id=9968, stack(0x0000002a6cd00000,0x0000002a6ce00000)]
  0x00000219a3e7b170 JavaThread "Unconstrained build operations Thread 17" [_thread_blocked, id=25080, stack(0x0000002a6ce00000,0x0000002a6cf00000)]
  0x00000219a3e77ed0 JavaThread "Unconstrained build operations Thread 18" [_thread_blocked, id=30336, stack(0x0000002a6cf00000,0x0000002a6d000000)]
  0x00000219a3e7d9f0 JavaThread "Unconstrained build operations Thread 19" [_thread_blocked, id=30736, stack(0x0000002a6d000000,0x0000002a6d100000)]
  0x00000219a3e774b0 JavaThread "Unconstrained build operations Thread 20" [_thread_blocked, id=31640, stack(0x0000002a6d100000,0x0000002a6d200000)]
  0x00000219a3e7b680 JavaThread "Unconstrained build operations Thread 21" [_thread_blocked, id=21916, stack(0x0000002a6d200000,0x0000002a6d300000)]
  0x00000219a3e76a90 JavaThread "Unconstrained build operations Thread 22" [_thread_blocked, id=11700, stack(0x0000002a6d300000,0x0000002a6d400000)]
  0x00000219a3e779c0 JavaThread "Unconstrained build operations Thread 23" [_thread_blocked, id=2100, stack(0x0000002a6d400000,0x0000002a6d500000)]
  0x00000219a3e76fa0 JavaThread "Unconstrained build operations Thread 24" [_thread_blocked, id=23104, stack(0x0000002a6d500000,0x0000002a6d600000)]
  0x00000219a3e783e0 JavaThread "Unconstrained build operations Thread 25" [_thread_blocked, id=32328, stack(0x0000002a6d600000,0x0000002a6d700000)]
  0x00000219a3e788f0 JavaThread "Unconstrained build operations Thread 26" [_thread_blocked, id=20388, stack(0x0000002a6d700000,0x0000002a6d800000)]
  0x00000219a3e7bb90 JavaThread "Unconstrained build operations Thread 27" [_thread_blocked, id=13572, stack(0x0000002a6d800000,0x0000002a6d900000)]
  0x00000219a3e7cac0 JavaThread "Unconstrained build operations Thread 28" [_thread_blocked, id=5704, stack(0x0000002a6d900000,0x0000002a6da00000)]
  0x00000219a3e7c5b0 JavaThread "Unconstrained build operations Thread 29" [_thread_blocked, id=11836, stack(0x0000002a6da00000,0x0000002a6db00000)]
  0x00000219a3e7c0a0 JavaThread "Unconstrained build operations Thread 30" [_thread_blocked, id=10708, stack(0x0000002a6db00000,0x0000002a6dc00000)]
  0x00000219a3e7a240 JavaThread "Unconstrained build operations Thread 31" [_thread_blocked, id=15804, stack(0x0000002a6dc00000,0x0000002a6dd00000)]
  0x00000219a3e7a750 JavaThread "Unconstrained build operations Thread 32" [_thread_blocked, id=31836, stack(0x0000002a6dd00000,0x0000002a6de00000)]
  0x00000219a3e7cfd0 JavaThread "Unconstrained build operations Thread 33" [_thread_blocked, id=29872, stack(0x0000002a6de00000,0x0000002a6df00000)]
  0x00000219a26f2ce0 JavaThread "Unconstrained build operations Thread 34" [_thread_blocked, id=29764, stack(0x0000002a6df00000,0x0000002a6e000000)]
  0x00000219a26f0970 JavaThread "Unconstrained build operations Thread 35" [_thread_blocked, id=8308, stack(0x0000002a6e000000,0x0000002a6e100000)]
  0x00000219a26f18a0 JavaThread "Unconstrained build operations Thread 36" [_thread_blocked, id=10112, stack(0x0000002a6e100000,0x0000002a6e200000)]
  0x00000219a26f3700 JavaThread "Unconstrained build operations Thread 37" [_thread_blocked, id=24948, stack(0x0000002a6e200000,0x0000002a6e300000)]
  0x00000219a26f5f80 JavaThread "Unconstrained build operations Thread 38" [_thread_blocked, id=29924, stack(0x0000002a6e300000,0x0000002a6e400000)]
  0x00000219a26f0e80 JavaThread "Unconstrained build operations Thread 39" [_thread_blocked, id=21904, stack(0x0000002a6e400000,0x0000002a6e500000)]
  0x00000219a26f1db0 JavaThread "build event listener" [_thread_blocked, id=12904, stack(0x0000002a6e600000,0x0000002a6e700000)]
  0x00000219a26f4120 JavaThread "Memory manager" [_thread_blocked, id=22928, stack(0x0000002a6e500000,0x0000002a6e600000)]
  0x00000219a26f4b40 JavaThread "Unconstrained build operations Thread 40" [_thread_blocked, id=4664, stack(0x0000002a6e800000,0x0000002a6e900000)]
  0x00000219a26f6eb0 JavaThread "Unconstrained build operations Thread 41" [_thread_blocked, id=28264, stack(0x0000002a6e900000,0x0000002a6ea00000)]
  0x00000219a26f73c0 JavaThread "Unconstrained build operations Thread 42" [_thread_blocked, id=31908, stack(0x0000002a6ea00000,0x0000002a6eb00000)]
  0x00000219a26f3c10 JavaThread "Unconstrained build operations Thread 43" [_thread_blocked, id=10056, stack(0x0000002a6eb00000,0x0000002a6ec00000)]
  0x00000219a26f4630 JavaThread "Unconstrained build operations Thread 44" [_thread_blocked, id=1488, stack(0x0000002a6ec00000,0x0000002a6ed00000)]
  0x00000219a26f5050 JavaThread "Unconstrained build operations Thread 45" [_thread_blocked, id=32524, stack(0x0000002a6ed00000,0x0000002a6ee00000)]
  0x00000219a26f5a70 JavaThread "Unconstrained build operations Thread 46" [_thread_blocked, id=24508, stack(0x0000002a6ee00000,0x0000002a6ef00000)]
  0x00000219a26f5560 JavaThread "Unconstrained build operations Thread 47" [_thread_blocked, id=12924, stack(0x0000002a6ef00000,0x0000002a6f000000)]
  0x00000219a26eff50 JavaThread "Unconstrained build operations Thread 48" [_thread_blocked, id=16260, stack(0x0000002a6f000000,0x0000002a6f100000)]
  0x00000219a26f78d0 JavaThread "Unconstrained build operations Thread 49" [_thread_blocked, id=21516, stack(0x0000002a6f100000,0x0000002a6f200000)]
  0x00000219a26f0460 JavaThread "Unconstrained build operations Thread 50" [_thread_blocked, id=24132, stack(0x0000002a6f200000,0x0000002a6f300000)]
  0x00000219a26f22c0 JavaThread "build event listener" [_thread_blocked, id=29156, stack(0x0000002a6f300000,0x0000002a6f400000)]
  0x00000219a50a1b10 JavaThread "Unconstrained build operations Thread 51" [_thread_blocked, id=32080, stack(0x0000002a6f400000,0x0000002a6f500000)]
  0x00000219a50a2a40 JavaThread "Unconstrained build operations Thread 52" [_thread_blocked, id=12716, stack(0x0000002a6f500000,0x0000002a6f600000)]
  0x00000219a50a2020 JavaThread "Unconstrained build operations Thread 53" [_thread_blocked, id=17800, stack(0x0000002a6f600000,0x0000002a6f700000)]
  0x00000219a509de50 JavaThread "Unconstrained build operations Thread 54" [_thread_blocked, id=27428, stack(0x0000002a6f700000,0x0000002a6f800000)]
  0x00000219a509d430 JavaThread "Unconstrained build operations Thread 55" [_thread_blocked, id=15912, stack(0x0000002a6f800000,0x0000002a6f900000)]
  0x00000219a50a0be0 JavaThread "Unconstrained build operations Thread 56" [_thread_blocked, id=28156, stack(0x0000002a6f900000,0x0000002a6fa00000)]
  0x00000219a509e360 JavaThread "Unconstrained build operations Thread 57" [_thread_blocked, id=16736, stack(0x0000002a6fa00000,0x0000002a6fb00000)]
  0x00000219a50a10f0 JavaThread "Unconstrained build operations Thread 58" [_thread_blocked, id=15448, stack(0x0000002a6fb00000,0x0000002a6fc00000)]
  0x00000219a509e870 JavaThread "Unconstrained build operations Thread 59" [_thread_blocked, id=19496, stack(0x0000002a6fc00000,0x0000002a6fd00000)]
  0x00000219a509f290 JavaThread "Unconstrained build operations Thread 60" [_thread_blocked, id=7308, stack(0x0000002a6fd00000,0x0000002a6fe00000)]
  0x00000219a50a3460 JavaThread "Unconstrained build operations Thread 61" [_thread_blocked, id=30048, stack(0x0000002a6fe00000,0x0000002a6ff00000)]
  0x00000219a509cf20 JavaThread "Unconstrained build operations Thread 62" [_thread_blocked, id=4080, stack(0x0000002a6ff00000,0x0000002a70000000)]
  0x00000219a50a06d0 JavaThread "Unconstrained build operations Thread 63" [_thread_blocked, id=25224, stack(0x0000002a70000000,0x0000002a70100000)]
  0x00000219a509d940 JavaThread "Unconstrained build operations Thread 64" [_thread_blocked, id=32736, stack(0x0000002a70100000,0x0000002a70200000)]
  0x00000219a509fcb0 JavaThread "Unconstrained build operations Thread 65" [_thread_blocked, id=28292, stack(0x0000002a70200000,0x0000002a70300000)]
  0x00000219a509ed80 JavaThread "Unconstrained build operations Thread 66" [_thread_blocked, id=19472, stack(0x0000002a70300000,0x0000002a70400000)]
  0x00000219a509f7a0 JavaThread "Unconstrained build operations Thread 67" [_thread_blocked, id=29688, stack(0x0000002a70400000,0x0000002a70500000)]
  0x00000219a50a01c0 JavaThread "Unconstrained build operations Thread 68" [_thread_blocked, id=28520, stack(0x0000002a70500000,0x0000002a70600000)]
  0x00000219a50a2530 JavaThread "Unconstrained build operations Thread 69" [_thread_blocked, id=4712, stack(0x0000002a70600000,0x0000002a70700000)]
  0x00000219a50a1600 JavaThread "Unconstrained build operations Thread 70" [_thread_blocked, id=29644, stack(0x0000002a70700000,0x0000002a70800000)]
  0x00000219a509c500 JavaThread "Unconstrained build operations Thread 71" [_thread_blocked, id=4092, stack(0x0000002a70800000,0x0000002a70900000)]
  0x00000219a50a2f50 JavaThread "Unconstrained build operations Thread 72" [_thread_blocked, id=1364, stack(0x0000002a70900000,0x0000002a70a00000)]
  0x00000219a509bff0 JavaThread "Unconstrained build operations Thread 73" [_thread_blocked, id=15512, stack(0x0000002a70a00000,0x0000002a70b00000)]
  0x00000219a50a3970 JavaThread "Unconstrained build operations Thread 74" [_thread_blocked, id=24648, stack(0x0000002a70b00000,0x0000002a70c00000)]
  0x00000219a509ca10 JavaThread "ForkJoinPool.commonPool-worker-1" daemon [_thread_blocked, id=22700, stack(0x0000002a70c00000,0x0000002a70d00000)]
  0x00000219a4a5d850 JavaThread "ForkJoinPool.commonPool-worker-3" daemon [_thread_blocked, id=22220, stack(0x0000002a70e00000,0x0000002a70f00000)]
  0x00000219a4a600d0 JavaThread "ForkJoinPool.commonPool-worker-4" daemon [_thread_blocked, id=19900, stack(0x0000002a70f00000,0x0000002a71000000)]
  0x00000219a4a5dd60 JavaThread "ForkJoinPool.commonPool-worker-5" daemon [_thread_blocked, id=15552, stack(0x0000002a71000000,0x0000002a71100000)]
  0x00000219a4a605e0 JavaThread "ForkJoinPool.commonPool-worker-6" daemon [_thread_blocked, id=17564, stack(0x0000002a71100000,0x0000002a71200000)]
  0x00000219a4a5aac0 JavaThread "ForkJoinPool.commonPool-worker-7" daemon [_thread_blocked, id=27844, stack(0x0000002a71200000,0x0000002a71300000)]
  0x00000219a4a5b4e0 JavaThread "ForkJoinPool.commonPool-worker-9" daemon [_thread_blocked, id=25736, stack(0x0000002a71300000,0x0000002a71400000)]
  0x00000219a4a5e270 JavaThread "ForkJoinPool.commonPool-worker-8" daemon [_thread_blocked, id=18800, stack(0x0000002a71400000,0x0000002a71500000)]
  0x00000219a4a5a5b0 JavaThread "ForkJoinPool.commonPool-worker-10" daemon [_thread_blocked, id=11864, stack(0x0000002a71500000,0x0000002a71600000)]
  0x00000219a4a5c410 JavaThread "ForkJoinPool.commonPool-worker-11" daemon [_thread_blocked, id=33548, stack(0x0000002a6e700000,0x0000002a6e800000)]
  0x00000219a4a5c920 JavaThread "Execution worker" [_thread_blocked, id=33032, stack(0x0000002a71c00000,0x0000002a71d00000)]
  0x00000219a4a5afd0 JavaThread "Execution worker Thread 2" [_thread_blocked, id=23640, stack(0x0000002a71d00000,0x0000002a71e00000)]
  0x00000219a4a5ec90 JavaThread "Execution worker Thread 3" [_thread_in_native, id=16100, stack(0x0000002a71e00000,0x0000002a71f00000)]
  0x00000219a4a59b90 JavaThread "Execution worker Thread 4" [_thread_blocked, id=27740, stack(0x0000002a71f00000,0x0000002a72000000)]
  0x00000219a4a5ce30 JavaThread "Execution worker Thread 5" [_thread_blocked, id=33716, stack(0x0000002a72000000,0x0000002a72100000)]
  0x00000219a4a61510 JavaThread "Execution worker Thread 6" [_thread_blocked, id=20644, stack(0x0000002a72100000,0x0000002a72200000)]
  0x00000219a4a5fbc0 JavaThread "Execution worker Thread 7" [_thread_blocked, id=28924, stack(0x0000002a72200000,0x0000002a72300000)]
  0x00000219a4a5a0a0 JavaThread "Execution worker Thread 8" [_thread_blocked, id=21728, stack(0x0000002a72300000,0x0000002a72400000)]
  0x00000219a4a5d340 JavaThread "Execution worker Thread 9" [_thread_blocked, id=22468, stack(0x0000002a72400000,0x0000002a72500000)]
  0x00000219a62e3360 JavaThread "Execution worker Thread 10" [_thread_in_Java, id=15752, stack(0x0000002a72500000,0x0000002a72600000)]
  0x00000219a62e4cb0 JavaThread "Execution worker Thread 11" [_thread_blocked, id=14948, stack(0x0000002a72600000,0x0000002a72700000)]
  0x00000219a62e1f20 JavaThread "Cache worker for execution history cache (D:\EverestX\gastech-mobile-v1\node_modules\@react-native\gradle-plugin\.gradle\8.14.3\executionHistory)" [_thread_blocked, id=29964, stack(0x0000002a72700000,0x0000002a72800000)]
  0x00000219a62e51c0 JavaThread "Cache worker for execution history cache (D:\EverestX\gastech-mobile-v1\node_modules\expo-modules-autolinking\android\expo-gradle-plugin\.gradle\8.14.3\executionHistory)" [_thread_blocked, id=32424, stack(0x0000002a72800000,0x0000002a72900000)]
  0x00000219a1568200 JavaThread "Unconstrained build operations Thread 75" [_thread_blocked, id=8796, stack(0x0000002a72900000,0x0000002a72a00000)]
  0x00000219a1568710 JavaThread "Unconstrained build operations Thread 76" [_thread_blocked, id=28584, stack(0x0000002a72a00000,0x0000002a72b00000)]
  0x00000219a15672d0 JavaThread "Unconstrained build operations Thread 77" [_thread_blocked, id=31900, stack(0x0000002a72b00000,0x0000002a72c00000)]
  0x00000219a1566dc0 JavaThread "Unconstrained build operations Thread 78" [_thread_blocked, id=29488, stack(0x0000002a72c00000,0x0000002a72d00000)]
  0x00000219a41d6e90 JavaThread "Unconstrained build operations Thread 79" [_thread_blocked, id=24244, stack(0x0000002a72d00000,0x0000002a72e00000)]
  0x00000219a41d6980 JavaThread "Unconstrained build operations Thread 80" [_thread_blocked, id=21788, stack(0x0000002a72e00000,0x0000002a72f00000)]
  0x00000219a41d73a0 JavaThread "Unconstrained build operations Thread 81" [_thread_blocked, id=904, stack(0x0000002a72f00000,0x0000002a73000000)]
  0x00000219a41d78b0 JavaThread "Unconstrained build operations Thread 82" [_thread_blocked, id=30356, stack(0x0000002a73000000,0x0000002a73100000)]
  0x00000219a41d6470 JavaThread "Unconstrained build operations Thread 83" [_thread_blocked, id=14528, stack(0x0000002a73100000,0x0000002a73200000)]
  0x00000219a687d920 JavaThread "Unconstrained build operations Thread 84" [_thread_blocked, id=26740, stack(0x0000002a73200000,0x0000002a73300000)]
  0x00000219a687c9f0 JavaThread "Unconstrained build operations Thread 85" [_thread_blocked, id=19916, stack(0x0000002a73300000,0x0000002a73400000)]
  0x00000219a687d410 JavaThread "Unconstrained build operations Thread 86" [_thread_blocked, id=23444, stack(0x0000002a73400000,0x0000002a73500000)]
  0x00000219a687de30 JavaThread "Unconstrained build operations Thread 87" [_thread_blocked, id=26048, stack(0x0000002a73500000,0x0000002a73600000)]
  0x00000219a687e340 JavaThread "Unconstrained build operations Thread 88" [_thread_blocked, id=15848, stack(0x0000002a73600000,0x0000002a73700000)]
  0x00000219a464e670 JavaThread "Unconstrained build operations Thread 89" [_thread_blocked, id=13620, stack(0x0000002a73700000,0x0000002a73800000)]
  0x00000219a61ade70 JavaThread "Unconstrained build operations Thread 90" [_thread_blocked, id=24608, stack(0x0000002a73800000,0x0000002a73900000)]
  0x00000219a464eb80 JavaThread "Unconstrained build operations Thread 92" [_thread_blocked, id=5756, stack(0x0000002a73900000,0x0000002a73a00000)]
  0x00000219a61ae380 JavaThread "Unconstrained build operations Thread 91" [_thread_blocked, id=7072, stack(0x0000002a73a00000,0x0000002a73b00000)]
  0x00000219a464f5a0 JavaThread "Unconstrained build operations Thread 93" [_thread_blocked, id=21628, stack(0x0000002a73b00000,0x0000002a73c00000)]
  0x00000219a61ae890 JavaThread "Unconstrained build operations Thread 94" [_thread_blocked, id=28500, stack(0x0000002a73c00000,0x0000002a73d00000)]
  0x00000219a464f090 JavaThread "Unconstrained build operations Thread 95" [_thread_blocked, id=16168, stack(0x0000002a73d00000,0x0000002a73e00000)]
  0x00000219a61acf40 JavaThread "Unconstrained build operations Thread 96" [_thread_blocked, id=20892, stack(0x0000002a73e00000,0x0000002a73f00000)]
  0x00000219a464ffc0 JavaThread "Unconstrained build operations Thread 97" [_thread_blocked, id=5724, stack(0x0000002a73f00000,0x0000002a74000000)]
  0x00000219a61ad450 JavaThread "Unconstrained build operations Thread 98" [_thread_blocked, id=14852, stack(0x0000002a74000000,0x0000002a74100000)]
  0x00000219a464fab0 JavaThread "Unconstrained build operations Thread 99" [_thread_blocked, id=27296, stack(0x0000002a74100000,0x0000002a74200000)]
  0x00000219a687fc90 JavaThread "Unconstrained build operations Thread 100" [_thread_blocked, id=12764, stack(0x0000002a74200000,0x0000002a74300000)]
  0x00000219a1e6a340 JavaThread "Unconstrained build operations Thread 101" [_thread_blocked, id=15088, stack(0x0000002a74300000,0x0000002a74400000)]
  0x00000219a687e850 JavaThread "Unconstrained build operations Thread 102" [_thread_blocked, id=30792, stack(0x0000002a74400000,0x0000002a74500000)]
  0x00000219a61ad960 JavaThread "Unconstrained build operations Thread 103" [_thread_blocked, id=26448, stack(0x0000002a74500000,0x0000002a74600000)]
  0x00000219a68801a0 JavaThread "Unconstrained build operations Thread 104" [_thread_blocked, id=17544, stack(0x0000002a74600000,0x0000002a74700000)]
  0x00000219a34984e0 JavaThread "Unconstrained build operations Thread 105" [_thread_blocked, id=25388, stack(0x0000002a74700000,0x0000002a74800000)]
  0x00000219a687cf00 JavaThread "Unconstrained build operations Thread 106" [_thread_blocked, id=26980, stack(0x0000002a74800000,0x0000002a74900000)]
  0x00000219a3498f00 JavaThread "Unconstrained build operations Thread 107" [_thread_blocked, id=16832, stack(0x0000002a74900000,0x0000002a74a00000)]
  0x00000219a34989f0 JavaThread "Unconstrained build operations Thread 108" [_thread_blocked, id=29044, stack(0x0000002a74a00000,0x0000002a74b00000)]
  0x00000219a46b6a60 JavaThread "Unconstrained build operations Thread 109" [_thread_blocked, id=3532, stack(0x0000002a74b00000,0x0000002a74c00000)]
  0x00000219a687ed60 JavaThread "Unconstrained build operations Thread 110" [_thread_blocked, id=21880, stack(0x0000002a74c00000,0x0000002a74d00000)]
  0x00000219a1e689f0 JavaThread "Unconstrained build operations Thread 111" [_thread_blocked, id=15148, stack(0x0000002a74d00000,0x0000002a74e00000)]
  0x00000219a46b46f0 JavaThread "Unconstrained build operations Thread 112" [_thread_blocked, id=544, stack(0x0000002a74e00000,0x0000002a74f00000)]
  0x00000219a46b41e0 JavaThread "Unconstrained build operations Thread 113" [_thread_blocked, id=1556, stack(0x0000002a74f00000,0x0000002a75000000)]
  0x00000219a46b5620 JavaThread "Unconstrained build operations Thread 114" [_thread_blocked, id=31420, stack(0x0000002a75000000,0x0000002a75100000)]
  0x00000219a3499920 JavaThread "Unconstrained build operations Thread 115" [_thread_blocked, id=21676, stack(0x0000002a75100000,0x0000002a75200000)]
  0x00000219a46b5b30 JavaThread "Unconstrained build operations Thread 116" [_thread_blocked, id=16964, stack(0x0000002a75200000,0x0000002a75300000)]
  0x00000219a1567cf0 JavaThread "Unconstrained build operations Thread 117" [_thread_blocked, id=26628, stack(0x0000002a75300000,0x0000002a75400000)]
  0x00000219a1e69410 JavaThread "Unconstrained build operations Thread 118" [_thread_blocked, id=33012, stack(0x0000002a75400000,0x0000002a75500000)]
  0x00000219a1e69920 JavaThread "Unconstrained build operations Thread 119" [_thread_blocked, id=33556, stack(0x0000002a75500000,0x0000002a75600000)]
  0x00000219a234c990 JavaThread "Unconstrained build operations Thread 120" [_thread_blocked, id=5572, stack(0x0000002a75600000,0x0000002a75700000)]
  0x00000219a5921630 JavaThread "jar transforms Thread 2" [_thread_blocked, id=19476, stack(0x0000002a6bd00000,0x0000002a6be00000)]
  0x00000219a591fce0 JavaThread "Cache worker for Build Output Cleanup Cache (D:\EverestX\gastech-mobile-v1\node_modules\expo-dev-launcher\expo-dev-launcher-gradle-plugin\.gradle\buildOutputCleanup)" [_thread_blocked, id=28740, stack(0x0000002a71900000,0x0000002a71a00000)]
  0x00000219a59201f0 JavaThread "Cache worker for Build Output Cleanup Cache (D:\EverestX\gastech-mobile-v1\node_modules\expo-modules-core\expo-module-gradle-plugin\.gradle\buildOutputCleanup)" [_thread_blocked, id=27252, stack(0x0000002a75700000,0x0000002a75800000)]
  0x00000219a5920700 JavaThread "Cache worker for Build Output Cleanup Cache (D:\EverestX\gastech-mobile-v1\node_modules\expo-updates\expo-updates-gradle-plugin\.gradle\buildOutputCleanup)" [_thread_blocked, id=26276, stack(0x0000002a75800000,0x0000002a75900000)]
  0x00000219a5c86700 JavaThread "build event listener" [_thread_blocked, id=27188, stack(0x0000002a75b00000,0x0000002a75c00000)]
  0x00000219a15677e0 JavaThread "build event listener" [_thread_blocked, id=7668, stack(0x0000002a75c00000,0x0000002a75d00000)]
  0x00000219a5c85ce0 JavaThread "build event listener" [_thread_blocked, id=21908, stack(0x0000002a75d00000,0x0000002a75e00000)]
  0x00000219a5c857d0 JavaThread "jar transforms Thread 3" [_thread_blocked, id=15184, stack(0x0000002a75900000,0x0000002a75a00000)]
  0x00000219a3499410 JavaThread "included builds Thread 3" [_thread_blocked, id=14232, stack(0x0000002a75e00000,0x0000002a75f00000)]
  0x00000219a687f780 JavaThread "Cache worker for execution history cache (D:\EverestX\gastech-mobile-v1\node_modules\expo-modules-core\expo-module-gradle-plugin\.gradle\8.14.3\executionHistory)" [_thread_blocked, id=29528, stack(0x0000002a76100000,0x0000002a76200000)]
  0x00000219a62e3d80 JavaThread "Cache worker for execution history cache (D:\EverestX\gastech-mobile-v1\node_modules\expo-dev-launcher\expo-dev-launcher-gradle-plugin\.gradle\8.14.3\executionHistory)" [_thread_blocked, id=1636, stack(0x0000002a76200000,0x0000002a76300000)]
  0x00000219a35a4b70 JavaThread "Cache worker for execution history cache (D:\EverestX\gastech-mobile-v1\node_modules\expo-updates\expo-updates-gradle-plugin\.gradle\8.14.3\executionHistory)" [_thread_blocked, id=2508, stack(0x0000002a76300000,0x0000002a76400000)]
  0x00000219a5c861f0 JavaThread "jar transforms Thread 4" [_thread_blocked, id=24156, stack(0x0000002a76400000,0x0000002a76500000)]
  0x00000219a151c1d0 JavaThread "Problems report writer" [_thread_blocked, id=32432, stack(0x0000002a75a00000,0x0000002a75b00000)]
  0x00000219a151c6e0 JavaThread "jar transforms Thread 5" [_thread_blocked, id=32688, stack(0x0000002a68000000,0x0000002a68100000)]
  0x00000219a151cbf0 JavaThread "jar transforms Thread 6" [_thread_blocked, id=10336, stack(0x0000002a76500000,0x0000002a76600000)]
  0x00000219a62e5be0 JavaThread "build event listener" [_thread_blocked, id=30260, stack(0x0000002a76900000,0x0000002a76a00000)]
  0x00000219a7315e00 JavaThread "jar transforms Thread 7" [_thread_blocked, id=10192, stack(0x0000002a76800000,0x0000002a76900000)]
  0x00000219a234cea0 JavaThread "jar transforms Thread 8" [_thread_blocked, id=29860, stack(0x0000002a76a00000,0x0000002a76b00000)]
  0x00000219a234e2e0 JavaThread "jar transforms Thread 9" [_thread_blocked, id=25992, stack(0x0000002a76b00000,0x0000002a76c00000)]
  0x00000219a234e7f0 JavaThread "jar transforms Thread 10" [_thread_blocked, id=28160, stack(0x0000002a76c00000,0x0000002a76d00000)]
  0x00000219a687f270 JavaThread "jar transforms Thread 11" [_thread_blocked, id=12584, stack(0x0000002a76d00000,0x0000002a76e00000)]
  0x00000219a41d5f60 JavaThread "jar transforms Thread 12" [_thread_blocked, id=7640, stack(0x0000002a76e00000,0x0000002a76f00000)]
  0x00000219a46b6550 JavaThread "Cache worker for execution history cache (D:\EverestX\gastech-mobile-v1\android\.gradle\8.14.3\executionHistory)" [_thread_blocked, id=10136, stack(0x0000002a68100000,0x0000002a68200000)]
  0x00000219a7313fa0 JavaThread "Exec process Thread 4" [_thread_in_native, id=29632, stack(0x0000002a68200000,0x0000002a68300000)]
  0x00000219a73158f0 JavaThread "Exec process Thread 5" [_thread_in_native, id=22352, stack(0x0000002a76f00000,0x0000002a77000000)]
  0x00000219a234d3b0 JavaThread "Exec process Thread 6" [_thread_in_native, id=1828, stack(0x0000002a77100000,0x0000002a77200000)]
  0x00000219a234d8c0 JavaThread "Exec process Thread 7" [_thread_in_native, id=25508, stack(0x0000002a77200000,0x0000002a77300000)]
  0x00000219a480df20 JavaThread "Exec process Thread 8" [_thread_in_native, id=4376, stack(0x0000002a77300000,0x0000002a77400000)]
  0x00000219a480bbb0 JavaThread "Exec process Thread 9" [_thread_in_native, id=2004, stack(0x0000002a77400000,0x0000002a77500000)]
  0x00000219a46b4c00 JavaThread "WorkerExecutor Queue" [_thread_blocked, id=8736, stack(0x0000002a77700000,0x0000002a77800000)]
  0x00000219a234ddd0 JavaThread "WorkerExecutor Queue Thread 7" [_thread_blocked, id=11628, stack(0x0000002a77d00000,0x0000002a77e00000)]
  0x00000219a1e69e30 JavaThread "WorkerExecutor Queue Thread 9" [_thread_blocked, id=13128, stack(0x0000002a77f00000,0x0000002a78000000)]
  0x00000219a1e68f00 JavaThread "WorkerExecutor Queue Thread 10" [_thread_in_Java, id=12964, stack(0x0000002a78200000,0x0000002a78300000)]
  0x00000219a71f89d0 JavaThread "WorkerExecutor Queue Thread 11" [_thread_blocked, id=6344, stack(0x0000002a78300000,0x0000002a78400000)]
  0x00000219a73149c0 JavaThread "WorkerExecutor Queue Thread 12" [_thread_blocked, id=20552, stack(0x0000002a78400000,0x0000002a78500000)]
  0x00000219a71f7fb0 JavaThread "WorkerExecutor Queue Thread 13" [_thread_blocked, id=18628, stack(0x0000002a78500000,0x0000002a78600000)]
  0x00000219a7313070 JavaThread "WorkerExecutor Queue Thread 14" [_thread_blocked, id=21216, stack(0x0000002a78600000,0x0000002a78700000)]
  0x00000219a151db20 JavaThread "WorkerExecutor Queue Thread 15" [_thread_blocked, id=33416, stack(0x0000002a77800000,0x0000002a77900000)]
  0x00000219a216a550 JavaThread "Cache worker for Java compile cache (C:\Users\MSI\.gradle\caches\8.14.3\javaCompile)" [_thread_blocked, id=21480, stack(0x0000002a77e00000,0x0000002a77f00000)]
  0x00000219a2169b30 JavaThread "Build operations" [_thread_blocked, id=32544, stack(0x0000002a78800000,0x0000002a78900000)]
  0x00000219a216c3b0 JavaThread "Build operations Thread 2" [_thread_blocked, id=29840, stack(0x0000002a78900000,0x0000002a78a00000)]
  0x00000219a216aa60 JavaThread "Build operations Thread 3" [_thread_blocked, id=17964, stack(0x0000002a78a00000,0x0000002a78b00000)]
  0x00000219a216af70 JavaThread "Build operations Thread 4" [_thread_blocked, id=29832, stack(0x0000002a78b00000,0x0000002a78c00000)]
  0x00000219a216b480 JavaThread "Build operations Thread 5" [_thread_blocked, id=10128, stack(0x0000002a78c00000,0x0000002a78d00000)]
  0x00000219a216bea0 JavaThread "Build operations Thread 6" [_thread_blocked, id=19032, stack(0x0000002a78d00000,0x0000002a78e00000)]
  0x00000219a2169110 JavaThread "Build operations Thread 7" [_thread_blocked, id=4204, stack(0x0000002a78e00000,0x0000002a78f00000)]
  0x00000219a2168c00 JavaThread "Build operations Thread 8" [_thread_blocked, id=12244, stack(0x0000002a78f00000,0x0000002a79000000)]
  0x00000219a2169620 JavaThread "Build operations Thread 9" [_thread_blocked, id=25400, stack(0x0000002a79000000,0x0000002a79100000)]
  0x00000219ad4c9d80 JavaThread "Build operations Thread 10" [_thread_blocked, id=22748, stack(0x0000002a79100000,0x0000002a79200000)]
  0x00000219ad4cb6d0 JavaThread "Build operations Thread 11" [_thread_blocked, id=33224, stack(0x0000002a79200000,0x0000002a79300000)]
  0x00000219a70fc360 JavaThread "RMI Scheduler(0)" daemon [_thread_blocked, id=7320, stack(0x0000002a71600000,0x0000002a71700000)]
  0x00000219a70f90c0 JavaThread "RMI GC Daemon" daemon [_thread_blocked, id=25288, stack(0x0000002a71800000,0x0000002a71900000)]
  0x00000219a234ed00 JavaThread "RMI TCP Accept-0" daemon [_thread_in_native, id=14592, stack(0x0000002a79400000,0x0000002a79500000)]
  0x00000219a234f210 JavaThread "RMI Reaper" [_thread_blocked, id=6116, stack(0x0000002a79500000,0x0000002a79600000)]
  0x00000219a5732c50 JavaThread "RMI TCP Connection(idle)" daemon [_thread_blocked, id=28016, stack(0x0000002a79700000,0x0000002a79800000)]
  0x00000219a5733160 JavaThread "RMI TCP Connection(idle)" daemon [_thread_blocked, id=33488, stack(0x0000002a79800000,0x0000002a79900000)]
  0x00000219a234f720 JavaThread "RMI TCP Connection(idle)" daemon [_thread_blocked, id=13820, stack(0x0000002a79900000,0x0000002a79a00000)]
  0x00000219a234bf70 JavaThread "Exec process Thread 10" [_thread_in_native, id=33736, stack(0x0000002a79a00000,0x0000002a79b00000)]
  0x00000219a70fa500 JavaThread "Exec process Thread 11" [_thread_in_native, id=23424, stack(0x0000002a79b00000,0x0000002a79c00000)]
  0x00000219a70f9ae0 JavaThread "Exec process Thread 12" [_thread_in_native, id=32148, stack(0x0000002a79c00000,0x0000002a79d00000)]
  0x00000219a46b32b0 JavaThread "Build operations Thread 12" [_thread_blocked, id=25856, stack(0x0000002a79d00000,0x0000002a79e00000)]
  0x00000219a70f95d0 JavaThread "pool-3-thread-1" [_thread_blocked, id=23308, stack(0x0000002a71a00000,0x0000002a71b00000)]
  0x00000219a70faf20 JavaThread "stderr" [_thread_in_native, id=18856, stack(0x0000002a75f00000,0x0000002a76000000)]
  0x00000219a70f9ff0 JavaThread "stdout" [_thread_in_native, id=7908, stack(0x0000002a76000000,0x0000002a76100000)]
  0x00000219a234c480 JavaThread "stderr" [_thread_in_native, id=8904, stack(0x0000002a77500000,0x0000002a77600000)]
  0x00000219b4d4f690 JavaThread "stdout" [_thread_in_native, id=12768, stack(0x0000002a77600000,0x0000002a77700000)]
  0x00000219ad4cc600 JavaThread "stderr" [_thread_in_native, id=1184, stack(0x0000002a79e00000,0x0000002a79f00000)]
  0x00000219ad4cacb0 JavaThread "stdout" [_thread_in_native, id=28008, stack(0x0000002a79f00000,0x0000002a7a000000)]
  0x00000219a1edfd90 JavaThread "stderr" [_thread_in_native, id=23832, stack(0x0000002a7a000000,0x0000002a7a100000)]
  0x00000219a1edc5e0 JavaThread "stdout" [_thread_in_native, id=15056, stack(0x0000002a7a100000,0x0000002a7a200000)]
  0x00000219a46b5110 JavaThread "stderr" [_thread_in_native, id=520, stack(0x0000002a7a200000,0x0000002a7a300000)]
  0x00000219a46b37c0 JavaThread "stdout" [_thread_in_native, id=30108, stack(0x0000002a7a300000,0x0000002a7a400000)]
  0x00000219a62e1500 JavaThread "WorkerExecutor Queue Thread 17" [_thread_blocked, id=32556, stack(0x0000002a7a500000,0x0000002a7a600000)]
  0x00000219a1edcaf0 JavaThread "Java2D Disposer" daemon [_thread_blocked, id=20272, stack(0x0000002a77900000,0x0000002a77a00000)]
  0x00000219aea92fb0 JavaThread "AWT-Windows" daemon [_thread_in_native, id=26636, stack(0x0000002a7a400000,0x0000002a7a500000)]
  0x00000219b4c05ae0 JavaThread "DefaultDispatcher-worker-1" daemon [_thread_blocked, id=7444, stack(0x0000002a71b00000,0x0000002a71c00000)]
  0x00000219aea934c0 JavaThread "DefaultDispatcher-worker-2" daemon [_thread_blocked, id=6884, stack(0x0000002a7a800000,0x0000002a7a900000)]
  0x00000219b4c04bb0 JavaThread "DefaultDispatcher-worker-3" daemon [_thread_blocked, id=2016, stack(0x0000002a7a900000,0x0000002a7aa00000)]
  0x00000219a73144b0 JavaThread "DefaultDispatcher-worker-1" daemon [_thread_blocked, id=33460, stack(0x0000002a7aa00000,0x0000002a7ab00000)]
  0x00000219a7314ed0 JavaThread "DefaultDispatcher-worker-2" daemon [_thread_blocked, id=21856, stack(0x0000002a7ab00000,0x0000002a7ac00000)]
  0x00000219a35a3c40 JavaThread "DefaultDispatcher-worker-3" daemon [_thread_blocked, id=18448, stack(0x0000002a7ac00000,0x0000002a7ad00000)]
  0x00000219a6250080 JavaThread "DefaultDispatcher-worker-4" daemon [_thread_blocked, id=31732, stack(0x0000002a7ad00000,0x0000002a7ae00000)]
  0x00000219a624fb70 JavaThread "DefaultDispatcher-worker-5" daemon [_thread_blocked, id=33188, stack(0x0000002a7ae00000,0x0000002a7af00000)]
  0x00000219ad4c9870 JavaThread "WorkerExecutor Queue Thread 18" [_thread_blocked, id=30232, stack(0x0000002a78700000,0x0000002a78800000)]
  0x00000219a1edd000 JavaThread "Periodic tasks thread" daemon [_thread_blocked, id=28440, stack(0x0000002a7a700000,0x0000002a7a800000)]
  0x00000219a1edda20 JavaThread "ApplicationImpl pooled thread 1" [_thread_blocked, id=20300, stack(0x0000002a7af00000,0x0000002a7b000000)]
  0x00000219a480c5d0 JavaThread "WorkerExecutor Queue Thread 19" [_thread_in_vm, id=30144, stack(0x0000002a77c00000,0x0000002a77d00000)]
  0x00000219aecd1000 JavaThread "DefaultDispatcher-worker-4" daemon [_thread_blocked, id=19520, stack(0x0000002a77b00000,0x0000002a77c00000)]
  0x00000219aecd42a0 JavaThread "DefaultDispatcher-worker-5" daemon [_thread_blocked, id=30492, stack(0x0000002a79300000,0x0000002a79400000)]
  0x00000219b8944dc0 JavaThread "C2 CompilerThread1" daemon [_thread_in_native, id=32388, stack(0x0000002a70d00000,0x0000002a70e00000)]

Other Threads:
  0x00000219ffb3cc50 VMThread "VM Thread" [stack: 0x0000002a68900000,0x0000002a68a00000] [id=15124]
  0x00000219e11d6f20 WatcherThread [stack: 0x0000002a69500000,0x0000002a69600000] [id=3476]
  0x00000219e12325a0 GCTaskThread "GC Thread#0" [stack: 0x0000002a68400000,0x0000002a68500000] [id=5884]
  0x000002199f435050 GCTaskThread "GC Thread#1" [stack: 0x0000002a69600000,0x0000002a69700000] [id=28276]
  0x000002199f435310 GCTaskThread "GC Thread#2" [stack: 0x0000002a69700000,0x0000002a69800000] [id=2540]
  0x000002199f4355d0 GCTaskThread "GC Thread#3" [stack: 0x0000002a69800000,0x0000002a69900000] [id=28960]
  0x000002199f2bf250 GCTaskThread "GC Thread#4" [stack: 0x0000002a69900000,0x0000002a69a00000] [id=13408]
  0x000002199f2bf510 GCTaskThread "GC Thread#5" [stack: 0x0000002a69a00000,0x0000002a69b00000] [id=27980]
  0x00000219a131d030 GCTaskThread "GC Thread#6" [stack: 0x0000002a6ac00000,0x0000002a6ad00000] [id=33372]
  0x00000219a3b9c300 GCTaskThread "GC Thread#7" [stack: 0x0000002a6ad00000,0x0000002a6ae00000] [id=23284]
  0x00000219a3b9c5c0 GCTaskThread "GC Thread#8" [stack: 0x0000002a6ae00000,0x0000002a6af00000] [id=32752]
  0x00000219a11b3d80 GCTaskThread "GC Thread#9" [stack: 0x0000002a6af00000,0x0000002a6b000000] [id=32648]
  0x00000219e12433f0 ConcurrentGCThread "G1 Main Marker" [stack: 0x0000002a68500000,0x0000002a68600000] [id=12752]
  0x00000219e1243d10 ConcurrentGCThread "G1 Conc#0" [stack: 0x0000002a68600000,0x0000002a68700000] [id=31068]
  0x00000219a0f8a940 ConcurrentGCThread "G1 Conc#1" [stack: 0x0000002a6b000000,0x0000002a6b100000] [id=29460]
  0x00000219a24d9470 ConcurrentGCThread "G1 Conc#2" [stack: 0x0000002a6b100000,0x0000002a6b200000] [id=19772]
  0x00000219ff9f94f0 ConcurrentGCThread "G1 Refine#0" [stack: 0x0000002a68700000,0x0000002a68800000] [id=32880]
  0x00000219a434f8f0 ConcurrentGCThread "G1 Refine#1" [stack: 0x0000002a77000000,0x0000002a77100000] [id=24956]
  0x00000219ff9f9e20 ConcurrentGCThread "G1 Service" [stack: 0x0000002a68800000,0x0000002a68900000] [id=25372]

Threads with active compile tasks:
C2 CompilerThread0  185981 69994       4       org.jetbrains.org.objectweb.asm.ClassReader::readMethod (1095 bytes)
C2 CompilerThread1  185981 70017   !   4       org.jetbrains.kotlin.metadata.ProtoBuf$ValueParameter::<init> (695 bytes)

VM state: not at safepoint (normal execution)

VM Mutex/Monitor currently owned by a thread: None

Heap address: 0x0000000080000000, size: 2048 MB, Compressed Oops mode: 32-bit

CDS archive(s) mapped at: [0x0000021980000000-0x0000021980bb0000-0x0000021980bb0000), size 12255232, SharedBaseAddress: 0x0000021980000000, ArchiveRelocationMode: 1.
Compressed class space mapped at: 0x0000021981000000-0x000002199b000000, reserved size: 436207616
Narrow klass base: 0x0000021980000000, Narrow klass shift: 0, Narrow klass range: 0x100000000

GC Precious Log:
 CPUs: 12 total, 12 available
 Memory: 16201M
 Large Page Support: Disabled
 NUMA Support: Disabled
 Compressed Oops: Enabled (32-bit)
 Heap Region Size: 1M
 Heap Min Capacity: 8M
 Heap Initial Capacity: 254M
 Heap Max Capacity: 2G
 Pre-touch: Disabled
 Parallel Workers: 10
 Concurrent Workers: 3
 Concurrent Refinement Workers: 10
 Periodic GC: Disabled

Heap:
 garbage-first heap   total 1246208K, used 1015179K [0x0000000080000000, 0x0000000100000000)
  region size 1024K, 343 young (351232K), 24 survivors (24576K)
 Metaspace       used 395974K, committed 399296K, reserved 819200K
  class space    used 49612K, committed 51136K, reserved 425984K

Heap Regions: E=young(eden), S=young(survivor), O=old, HS=humongous(starts), HC=humongous(continues), CS=collection set, F=free, OA=open archive, CA=closed archive, TAMS=top-at-mark-start (previous, next)
|   0|0x0000000080000000, 0x0000000080100000, 0x0000000080100000|100%|HS|  |TAMS 0x0000000080100000, 0x0000000080000000| Complete 
|   1|0x0000000080100000, 0x0000000080200000, 0x0000000080200000|100%|HC|  |TAMS 0x0000000080200000, 0x0000000080100000| Complete 
|   2|0x0000000080200000, 0x0000000080300000, 0x0000000080300000|100%|HC|  |TAMS 0x0000000080300000, 0x0000000080200000| Complete 
|   3|0x0000000080300000, 0x0000000080400000, 0x0000000080400000|100%| O|  |TAMS 0x0000000080400000, 0x0000000080300000| Untracked 
|   4|0x0000000080400000, 0x0000000080500000, 0x0000000080500000|100%| O|  |TAMS 0x0000000080500000, 0x0000000080400000| Untracked 
|   5|0x0000000080500000, 0x0000000080600000, 0x0000000080600000|100%| O|  |TAMS 0x0000000080600000, 0x0000000080500000| Untracked 
|   6|0x0000000080600000, 0x0000000080700000, 0x0000000080700000|100%|HS|  |TAMS 0x0000000080700000, 0x0000000080600000| Complete 
|   7|0x0000000080700000, 0x0000000080800000, 0x0000000080800000|100%| O|  |TAMS 0x0000000080800000, 0x0000000080700000| Untracked 
|   8|0x0000000080800000, 0x0000000080900000, 0x0000000080900000|100%| O|  |TAMS 0x0000000080900000, 0x0000000080800000| Untracked 
|   9|0x0000000080900000, 0x0000000080a00000, 0x0000000080a00000|100%| O|  |TAMS 0x0000000080a00000, 0x0000000080900000| Untracked 
|  10|0x0000000080a00000, 0x0000000080b00000, 0x0000000080b00000|100%| O|  |TAMS 0x0000000080b00000, 0x0000000080a00000| Untracked 
|  11|0x0000000080b00000, 0x0000000080c00000, 0x0000000080c00000|100%| O|  |TAMS 0x0000000080c00000, 0x0000000080b00000| Untracked 
|  12|0x0000000080c00000, 0x0000000080cbfa00, 0x0000000080d00000| 74%| O|  |TAMS 0x0000000080cbfa00, 0x0000000080c00000| Untracked 
|  13|0x0000000080d00000, 0x0000000080e00000, 0x0000000080e00000|100%| O|  |TAMS 0x0000000080e00000, 0x0000000080d00000| Untracked 
|  14|0x0000000080e00000, 0x0000000080f00000, 0x0000000080f00000|100%| O|  |TAMS 0x0000000080f00000, 0x0000000080e00000| Untracked 
|  15|0x0000000080f00000, 0x0000000081000000, 0x0000000081000000|100%| O|  |TAMS 0x0000000081000000, 0x0000000080f00000| Untracked 
|  16|0x0000000081000000, 0x0000000081100000, 0x0000000081100000|100%| O|  |TAMS 0x0000000081100000, 0x0000000081000000| Untracked 
|  17|0x0000000081100000, 0x0000000081200000, 0x0000000081200000|100%| O|  |TAMS 0x0000000081200000, 0x0000000081100000| Untracked 
|  18|0x0000000081200000, 0x0000000081300000, 0x0000000081300000|100%| O|  |TAMS 0x0000000081300000, 0x0000000081200000| Untracked 
|  19|0x0000000081300000, 0x0000000081400000, 0x0000000081400000|100%| O|  |TAMS 0x0000000081400000, 0x0000000081300000| Untracked 
|  20|0x0000000081400000, 0x0000000081500000, 0x0000000081500000|100%| O|  |TAMS 0x0000000081500000, 0x0000000081400000| Untracked 
|  21|0x0000000081500000, 0x0000000081600000, 0x0000000081600000|100%| O|  |TAMS 0x0000000081600000, 0x0000000081500000| Untracked 
|  22|0x0000000081600000, 0x0000000081700000, 0x0000000081700000|100%| O|  |TAMS 0x0000000081700000, 0x0000000081600000| Untracked 
|  23|0x0000000081700000, 0x0000000081800000, 0x0000000081800000|100%| O|  |TAMS 0x0000000081800000, 0x0000000081700000| Untracked 
|  24|0x0000000081800000, 0x0000000081900000, 0x0000000081900000|100%| O|  |TAMS 0x0000000081900000, 0x0000000081800000| Untracked 
|  25|0x0000000081900000, 0x0000000081a00000, 0x0000000081a00000|100%| O|  |TAMS 0x0000000081a00000, 0x0000000081900000| Untracked 
|  26|0x0000000081a00000, 0x0000000081b00000, 0x0000000081b00000|100%| O|  |TAMS 0x0000000081b00000, 0x0000000081a00000| Untracked 
|  27|0x0000000081b00000, 0x0000000081c00000, 0x0000000081c00000|100%| O|  |TAMS 0x0000000081c00000, 0x0000000081b00000| Untracked 
|  28|0x0000000081c00000, 0x0000000081d00000, 0x0000000081d00000|100%| O|  |TAMS 0x0000000081d00000, 0x0000000081c00000| Untracked 
|  29|0x0000000081d00000, 0x0000000081e00000, 0x0000000081e00000|100%| O|  |TAMS 0x0000000081e00000, 0x0000000081d00000| Untracked 
|  30|0x0000000081e00000, 0x0000000081f00000, 0x0000000081f00000|100%| O|  |TAMS 0x0000000081f00000, 0x0000000081e00000| Untracked 
|  31|0x0000000081f00000, 0x0000000082000000, 0x0000000082000000|100%| O|  |TAMS 0x0000000082000000, 0x0000000081f00000| Untracked 
|  32|0x0000000082000000, 0x0000000082100000, 0x0000000082100000|100%| O|  |TAMS 0x0000000082100000, 0x0000000082000000| Untracked 
|  33|0x0000000082100000, 0x0000000082200000, 0x0000000082200000|100%| O|  |TAMS 0x0000000082200000, 0x0000000082100000| Untracked 
|  34|0x0000000082200000, 0x0000000082300000, 0x0000000082300000|100%| O|  |TAMS 0x0000000082300000, 0x0000000082200000| Untracked 
|  35|0x0000000082300000, 0x0000000082400000, 0x0000000082400000|100%| O|  |TAMS 0x0000000082400000, 0x0000000082300000| Untracked 
|  36|0x0000000082400000, 0x0000000082500000, 0x0000000082500000|100%| O|  |TAMS 0x0000000082500000, 0x0000000082400000| Untracked 
|  37|0x0000000082500000, 0x0000000082600000, 0x0000000082600000|100%| O|  |TAMS 0x0000000082600000, 0x0000000082500000| Untracked 
|  38|0x0000000082600000, 0x0000000082700000, 0x0000000082700000|100%| O|  |TAMS 0x0000000082700000, 0x0000000082600000| Untracked 
|  39|0x0000000082700000, 0x0000000082800000, 0x0000000082800000|100%| O|  |TAMS 0x0000000082800000, 0x0000000082700000| Untracked 
|  40|0x0000000082800000, 0x0000000082900000, 0x0000000082900000|100%| O|  |TAMS 0x0000000082900000, 0x0000000082800000| Untracked 
|  41|0x0000000082900000, 0x0000000082a00000, 0x0000000082a00000|100%| O|  |TAMS 0x0000000082a00000, 0x0000000082900000| Untracked 
|  42|0x0000000082a00000, 0x0000000082b00000, 0x0000000082b00000|100%| O|  |TAMS 0x0000000082b00000, 0x0000000082a00000| Untracked 
|  43|0x0000000082b00000, 0x0000000082c00000, 0x0000000082c00000|100%| O|  |TAMS 0x0000000082c00000, 0x0000000082b00000| Untracked 
|  44|0x0000000082c00000, 0x0000000082d00000, 0x0000000082d00000|100%|HS|  |TAMS 0x0000000082d00000, 0x0000000082c00000| Complete 
|  45|0x0000000082d00000, 0x0000000082e00000, 0x0000000082e00000|100%|HC|  |TAMS 0x0000000082e00000, 0x0000000082d00000| Complete 
|  46|0x0000000082e00000, 0x0000000082f00000, 0x0000000082f00000|100%|HC|  |TAMS 0x0000000082f00000, 0x0000000082e00000| Complete 
|  47|0x0000000082f00000, 0x0000000083000000, 0x0000000083000000|100%|HS|  |TAMS 0x0000000083000000, 0x0000000082f00000| Complete 
|  48|0x0000000083000000, 0x0000000083100000, 0x0000000083100000|100%|HC|  |TAMS 0x0000000083100000, 0x0000000083000000| Complete 
|  49|0x0000000083100000, 0x0000000083200000, 0x0000000083200000|100%|HC|  |TAMS 0x0000000083200000, 0x0000000083100000| Complete 
|  50|0x0000000083200000, 0x0000000083300000, 0x0000000083300000|100%| O|  |TAMS 0x0000000083300000, 0x0000000083200000| Untracked 
|  51|0x0000000083300000, 0x0000000083400000, 0x0000000083400000|100%| O|  |TAMS 0x0000000083400000, 0x0000000083300000| Untracked 
|  52|0x0000000083400000, 0x0000000083500000, 0x0000000083500000|100%| O|  |TAMS 0x0000000083500000, 0x0000000083400000| Untracked 
|  53|0x0000000083500000, 0x0000000083600000, 0x0000000083600000|100%| O|  |TAMS 0x0000000083600000, 0x0000000083500000| Untracked 
|  54|0x0000000083600000, 0x0000000083700000, 0x0000000083700000|100%| O|  |TAMS 0x0000000083700000, 0x0000000083600000| Untracked 
|  55|0x0000000083700000, 0x0000000083800000, 0x0000000083800000|100%| O|  |TAMS 0x0000000083800000, 0x0000000083700000| Untracked 
|  56|0x0000000083800000, 0x0000000083900000, 0x0000000083900000|100%| O|  |TAMS 0x0000000083900000, 0x0000000083800000| Untracked 
|  57|0x0000000083900000, 0x0000000083a00000, 0x0000000083a00000|100%| O|  |TAMS 0x0000000083a00000, 0x0000000083900000| Untracked 
|  58|0x0000000083a00000, 0x0000000083b00000, 0x0000000083b00000|100%| O|  |TAMS 0x0000000083b00000, 0x0000000083a00000| Untracked 
|  59|0x0000000083b00000, 0x0000000083c00000, 0x0000000083c00000|100%| O|  |TAMS 0x0000000083c00000, 0x0000000083b00000| Untracked 
|  60|0x0000000083c00000, 0x0000000083d00000, 0x0000000083d00000|100%| O|  |TAMS 0x0000000083d00000, 0x0000000083c00000| Untracked 
|  61|0x0000000083d00000, 0x0000000083e00000, 0x0000000083e00000|100%| O|  |TAMS 0x0000000083e00000, 0x0000000083d00000| Untracked 
|  62|0x0000000083e00000, 0x0000000083f00000, 0x0000000083f00000|100%| O|  |TAMS 0x0000000083f00000, 0x0000000083e00000| Untracked 
|  63|0x0000000083f00000, 0x0000000084000000, 0x0000000084000000|100%| O|  |TAMS 0x0000000084000000, 0x0000000083f00000| Untracked 
|  64|0x0000000084000000, 0x0000000084100000, 0x0000000084100000|100%| O|  |TAMS 0x0000000084100000, 0x0000000084000000| Untracked 
|  65|0x0000000084100000, 0x0000000084200000, 0x0000000084200000|100%| O|  |TAMS 0x0000000084200000, 0x0000000084100000| Untracked 
|  66|0x0000000084200000, 0x0000000084300000, 0x0000000084300000|100%| O|  |TAMS 0x0000000084300000, 0x0000000084200000| Untracked 
|  67|0x0000000084300000, 0x0000000084400000, 0x0000000084400000|100%| O|  |TAMS 0x0000000084400000, 0x0000000084300000| Untracked 
|  68|0x0000000084400000, 0x0000000084500000, 0x0000000084500000|100%| O|  |TAMS 0x0000000084500000, 0x0000000084400000| Untracked 
|  69|0x0000000084500000, 0x0000000084600000, 0x0000000084600000|100%| O|  |TAMS 0x0000000084500000, 0x0000000084500000| Untracked 
|  70|0x0000000084600000, 0x0000000084700000, 0x0000000084700000|100%|HS|  |TAMS 0x0000000084700000, 0x0000000084600000| Complete 
|  71|0x0000000084700000, 0x0000000084800000, 0x0000000084800000|100%|HC|  |TAMS 0x0000000084800000, 0x0000000084700000| Complete 
|  72|0x0000000084800000, 0x0000000084900000, 0x0000000084900000|100%|HC|  |TAMS 0x0000000084900000, 0x0000000084800000| Complete 
|  73|0x0000000084900000, 0x0000000084a00000, 0x0000000084a00000|100%| O|  |TAMS 0x0000000084a00000, 0x0000000084900000| Untracked 
|  74|0x0000000084a00000, 0x0000000084b00000, 0x0000000084b00000|100%|HS|  |TAMS 0x0000000084a00000, 0x0000000084a00000| Complete 
|  75|0x0000000084b00000, 0x0000000084c00000, 0x0000000084c00000|100%| O|  |TAMS 0x0000000084c00000, 0x0000000084b00000| Untracked 
|  76|0x0000000084c00000, 0x0000000084d00000, 0x0000000084d00000|100%| O|  |TAMS 0x0000000084d00000, 0x0000000084c00000| Untracked 
|  77|0x0000000084d00000, 0x0000000084e00000, 0x0000000084e00000|100%| O|  |TAMS 0x0000000084e00000, 0x0000000084d00000| Untracked 
|  78|0x0000000084e00000, 0x0000000084f00000, 0x0000000084f00000|100%| O|  |TAMS 0x0000000084f00000, 0x0000000084e00000| Untracked 
|  79|0x0000000084f00000, 0x0000000085000000, 0x0000000085000000|100%| O|  |TAMS 0x0000000085000000, 0x0000000084f00000| Untracked 
|  80|0x0000000085000000, 0x0000000085100000, 0x0000000085100000|100%|HS|  |TAMS 0x0000000085100000, 0x0000000085000000| Complete 
|  81|0x0000000085100000, 0x0000000085200000, 0x0000000085200000|100%|HC|  |TAMS 0x0000000085200000, 0x0000000085100000| Complete 
|  82|0x0000000085200000, 0x0000000085300000, 0x0000000085300000|100%|HS|  |TAMS 0x0000000085300000, 0x0000000085200000| Complete 
|  83|0x0000000085300000, 0x0000000085400000, 0x0000000085400000|100%|HC|  |TAMS 0x0000000085400000, 0x0000000085300000| Complete 
|  84|0x0000000085400000, 0x0000000085500000, 0x0000000085500000|100%|HS|  |TAMS 0x0000000085500000, 0x0000000085400000| Complete 
|  85|0x0000000085500000, 0x0000000085600000, 0x0000000085600000|100%|HC|  |TAMS 0x0000000085600000, 0x0000000085500000| Complete 
|  86|0x0000000085600000, 0x0000000085700000, 0x0000000085700000|100%|HC|  |TAMS 0x0000000085700000, 0x0000000085600000| Complete 
|  87|0x0000000085700000, 0x0000000085800000, 0x0000000085800000|100%|HS|  |TAMS 0x0000000085800000, 0x0000000085700000| Complete 
|  88|0x0000000085800000, 0x0000000085900000, 0x0000000085900000|100%|HC|  |TAMS 0x0000000085900000, 0x0000000085800000| Complete 
|  89|0x0000000085900000, 0x0000000085a00000, 0x0000000085a00000|100%|HC|  |TAMS 0x0000000085a00000, 0x0000000085900000| Complete 
|  90|0x0000000085a00000, 0x0000000085b00000, 0x0000000085b00000|100%| O|  |TAMS 0x0000000085b00000, 0x0000000085a00000| Untracked 
|  91|0x0000000085b00000, 0x0000000085c00000, 0x0000000085c00000|100%| O|  |TAMS 0x0000000085c00000, 0x0000000085b00000| Untracked 
|  92|0x0000000085c00000, 0x0000000085d00000, 0x0000000085d00000|100%| O|  |TAMS 0x0000000085d00000, 0x0000000085c00000| Untracked 
|  93|0x0000000085d00000, 0x0000000085e00000, 0x0000000085e00000|100%| O|  |TAMS 0x0000000085e00000, 0x0000000085d00000| Untracked 
|  94|0x0000000085e00000, 0x0000000085f00000, 0x0000000085f00000|100%| O|  |TAMS 0x0000000085f00000, 0x0000000085e00000| Untracked 
|  95|0x0000000085f00000, 0x0000000086000000, 0x0000000086000000|100%| O|  |TAMS 0x0000000086000000, 0x0000000085f00000| Untracked 
|  96|0x0000000086000000, 0x0000000086100000, 0x0000000086100000|100%|HS|  |TAMS 0x0000000086100000, 0x0000000086000000| Complete 
|  97|0x0000000086100000, 0x0000000086200000, 0x0000000086200000|100%|HS|  |TAMS 0x0000000086200000, 0x0000000086100000| Complete 
|  98|0x0000000086200000, 0x0000000086300000, 0x0000000086300000|100%|HS|  |TAMS 0x0000000086300000, 0x0000000086200000| Complete 
|  99|0x0000000086300000, 0x0000000086400000, 0x0000000086400000|100%|HS|  |TAMS 0x0000000086400000, 0x0000000086300000| Complete 
| 100|0x0000000086400000, 0x0000000086500000, 0x0000000086500000|100%| O|  |TAMS 0x0000000086500000, 0x0000000086400000| Untracked 
| 101|0x0000000086500000, 0x0000000086600000, 0x0000000086600000|100%|HS|  |TAMS 0x0000000086600000, 0x0000000086500000| Complete 
| 102|0x0000000086600000, 0x0000000086700000, 0x0000000086700000|100%|HS|  |TAMS 0x0000000086700000, 0x0000000086600000| Complete 
| 103|0x0000000086700000, 0x0000000086800000, 0x0000000086800000|100%| O|  |TAMS 0x0000000086800000, 0x0000000086700000| Untracked 
| 104|0x0000000086800000, 0x0000000086900000, 0x0000000086900000|100%| O|  |TAMS 0x0000000086900000, 0x0000000086800000| Untracked 
| 105|0x0000000086900000, 0x0000000086a00000, 0x0000000086a00000|100%| O|  |TAMS 0x0000000086a00000, 0x0000000086900000| Untracked 
| 106|0x0000000086a00000, 0x0000000086b00000, 0x0000000086b00000|100%| O|  |TAMS 0x0000000086b00000, 0x0000000086a00000| Untracked 
| 107|0x0000000086b00000, 0x0000000086c00000, 0x0000000086c00000|100%| O|  |TAMS 0x0000000086c00000, 0x0000000086b00000| Untracked 
| 108|0x0000000086c00000, 0x0000000086d00000, 0x0000000086d00000|100%| O|  |TAMS 0x0000000086d00000, 0x0000000086c00000| Untracked 
| 109|0x0000000086d00000, 0x0000000086e00000, 0x0000000086e00000|100%| O|  |TAMS 0x0000000086e00000, 0x0000000086d00000| Untracked 
| 110|0x0000000086e00000, 0x0000000086f00000, 0x0000000086f00000|100%| O|  |TAMS 0x0000000086f00000, 0x0000000086e00000| Untracked 
| 111|0x0000000086f00000, 0x0000000087000000, 0x0000000087000000|100%| O|  |TAMS 0x0000000087000000, 0x0000000086f00000| Untracked 
| 112|0x0000000087000000, 0x0000000087100000, 0x0000000087100000|100%| O|  |TAMS 0x0000000087100000, 0x0000000087000000| Untracked 
| 113|0x0000000087100000, 0x0000000087200000, 0x0000000087200000|100%| O|  |TAMS 0x0000000087200000, 0x0000000087100000| Untracked 
| 114|0x0000000087200000, 0x0000000087300000, 0x0000000087300000|100%| O|  |TAMS 0x0000000087300000, 0x0000000087200000| Untracked 
| 115|0x0000000087300000, 0x0000000087400000, 0x0000000087400000|100%| O|  |TAMS 0x0000000087400000, 0x0000000087300000| Untracked 
| 116|0x0000000087400000, 0x0000000087500000, 0x0000000087500000|100%| O|  |TAMS 0x0000000087500000, 0x0000000087400000| Untracked 
| 117|0x0000000087500000, 0x0000000087600000, 0x0000000087600000|100%| O|  |TAMS 0x0000000087600000, 0x0000000087500000| Untracked 
| 118|0x0000000087600000, 0x0000000087700000, 0x0000000087700000|100%| O|  |TAMS 0x0000000087700000, 0x0000000087600000| Untracked 
| 119|0x0000000087700000, 0x0000000087800000, 0x0000000087800000|100%| O|  |TAMS 0x0000000087800000, 0x0000000087700000| Untracked 
| 120|0x0000000087800000, 0x0000000087900000, 0x0000000087900000|100%| O|  |TAMS 0x0000000087900000, 0x0000000087800000| Untracked 
| 121|0x0000000087900000, 0x0000000087a00000, 0x0000000087a00000|100%|HS|  |TAMS 0x0000000087a00000, 0x0000000087900000| Complete 
| 122|0x0000000087a00000, 0x0000000087b00000, 0x0000000087b00000|100%|HS|  |TAMS 0x0000000087b00000, 0x0000000087a00000| Complete 
| 123|0x0000000087b00000, 0x0000000087c00000, 0x0000000087c00000|100%|HC|  |TAMS 0x0000000087c00000, 0x0000000087b00000| Complete 
| 124|0x0000000087c00000, 0x0000000087d00000, 0x0000000087d00000|100%|HC|  |TAMS 0x0000000087d00000, 0x0000000087c00000| Complete 
| 125|0x0000000087d00000, 0x0000000087e00000, 0x0000000087e00000|100%| O|  |TAMS 0x0000000087e00000, 0x0000000087d00000| Untracked 
| 126|0x0000000087e00000, 0x0000000087f00000, 0x0000000087f00000|100%| O|  |TAMS 0x0000000087f00000, 0x0000000087e00000| Untracked 
| 127|0x0000000087f00000, 0x0000000088000000, 0x0000000088000000|100%| O|  |TAMS 0x0000000088000000, 0x0000000087f00000| Untracked 
| 128|0x0000000088000000, 0x0000000088100000, 0x0000000088100000|100%| O|  |TAMS 0x0000000088100000, 0x0000000088000000| Untracked 
| 129|0x0000000088100000, 0x0000000088200000, 0x0000000088200000|100%| O|  |TAMS 0x0000000088200000, 0x0000000088100000| Untracked 
| 130|0x0000000088200000, 0x0000000088300000, 0x0000000088300000|100%| O|  |TAMS 0x0000000088300000, 0x0000000088200000| Untracked 
| 131|0x0000000088300000, 0x0000000088400000, 0x0000000088400000|100%| O|  |TAMS 0x0000000088400000, 0x0000000088300000| Untracked 
| 132|0x0000000088400000, 0x0000000088500000, 0x0000000088500000|100%| O|  |TAMS 0x0000000088500000, 0x0000000088400000| Untracked 
| 133|0x0000000088500000, 0x0000000088600000, 0x0000000088600000|100%| O|  |TAMS 0x0000000088600000, 0x0000000088500000| Untracked 
| 134|0x0000000088600000, 0x0000000088700000, 0x0000000088700000|100%| O|  |TAMS 0x0000000088700000, 0x0000000088600000| Untracked 
| 135|0x0000000088700000, 0x0000000088800000, 0x0000000088800000|100%| O|  |TAMS 0x0000000088800000, 0x0000000088700000| Untracked 
| 136|0x0000000088800000, 0x0000000088900000, 0x0000000088900000|100%| O|  |TAMS 0x0000000088900000, 0x0000000088800000| Untracked 
| 137|0x0000000088900000, 0x0000000088a00000, 0x0000000088a00000|100%| O|  |TAMS 0x0000000088a00000, 0x0000000088900000| Untracked 
| 138|0x0000000088a00000, 0x0000000088b00000, 0x0000000088b00000|100%| O|  |TAMS 0x0000000088b00000, 0x0000000088a00000| Untracked 
| 139|0x0000000088b00000, 0x0000000088c00000, 0x0000000088c00000|100%| O|  |TAMS 0x0000000088c00000, 0x0000000088b00000| Untracked 
| 140|0x0000000088c00000, 0x0000000088d00000, 0x0000000088d00000|100%| O|  |TAMS 0x0000000088d00000, 0x0000000088c00000| Untracked 
| 141|0x0000000088d00000, 0x0000000088e00000, 0x0000000088e00000|100%| O|  |TAMS 0x0000000088e00000, 0x0000000088d00000| Untracked 
| 142|0x0000000088e00000, 0x0000000088f00000, 0x0000000088f00000|100%| O|  |TAMS 0x0000000088f00000, 0x0000000088e00000| Untracked 
| 143|0x0000000088f00000, 0x0000000089000000, 0x0000000089000000|100%| O|  |TAMS 0x0000000089000000, 0x0000000088f00000| Untracked 
| 144|0x0000000089000000, 0x0000000089100000, 0x0000000089100000|100%| O|  |TAMS 0x0000000089100000, 0x0000000089000000| Untracked 
| 145|0x0000000089100000, 0x0000000089200000, 0x0000000089200000|100%| O|  |TAMS 0x0000000089200000, 0x0000000089100000| Untracked 
| 146|0x0000000089200000, 0x0000000089300000, 0x0000000089300000|100%| O|  |TAMS 0x0000000089300000, 0x0000000089200000| Untracked 
| 147|0x0000000089300000, 0x0000000089400000, 0x0000000089400000|100%| O|  |TAMS 0x0000000089400000, 0x0000000089300000| Untracked 
| 148|0x0000000089400000, 0x0000000089500000, 0x0000000089500000|100%| O|  |TAMS 0x0000000089500000, 0x0000000089400000| Untracked 
| 149|0x0000000089500000, 0x0000000089600000, 0x0000000089600000|100%| O|  |TAMS 0x0000000089600000, 0x0000000089500000| Untracked 
| 150|0x0000000089600000, 0x0000000089700000, 0x0000000089700000|100%| O|  |TAMS 0x0000000089700000, 0x0000000089600000| Untracked 
| 151|0x0000000089700000, 0x0000000089800000, 0x0000000089800000|100%| O|  |TAMS 0x0000000089800000, 0x0000000089700000| Untracked 
| 152|0x0000000089800000, 0x0000000089900000, 0x0000000089900000|100%| O|  |TAMS 0x0000000089900000, 0x0000000089800000| Untracked 
| 153|0x0000000089900000, 0x0000000089a00000, 0x0000000089a00000|100%| O|  |TAMS 0x0000000089a00000, 0x0000000089900000| Untracked 
| 154|0x0000000089a00000, 0x0000000089b00000, 0x0000000089b00000|100%| O|  |TAMS 0x0000000089b00000, 0x0000000089a00000| Untracked 
| 155|0x0000000089b00000, 0x0000000089c00000, 0x0000000089c00000|100%| O|  |TAMS 0x0000000089c00000, 0x0000000089b00000| Untracked 
| 156|0x0000000089c00000, 0x0000000089d00000, 0x0000000089d00000|100%| O|  |TAMS 0x0000000089d00000, 0x0000000089c00000| Untracked 
| 157|0x0000000089d00000, 0x0000000089e00000, 0x0000000089e00000|100%| O|  |TAMS 0x0000000089e00000, 0x0000000089d00000| Untracked 
| 158|0x0000000089e00000, 0x0000000089f00000, 0x0000000089f00000|100%| O|  |TAMS 0x0000000089f00000, 0x0000000089e00000| Untracked 
| 159|0x0000000089f00000, 0x000000008a000000, 0x000000008a000000|100%| O|  |TAMS 0x000000008a000000, 0x0000000089f00000| Untracked 
| 160|0x000000008a000000, 0x000000008a100000, 0x000000008a100000|100%| O|  |TAMS 0x000000008a100000, 0x000000008a000000| Untracked 
| 161|0x000000008a100000, 0x000000008a200000, 0x000000008a200000|100%| O|  |TAMS 0x000000008a200000, 0x000000008a100000| Untracked 
| 162|0x000000008a200000, 0x000000008a300000, 0x000000008a300000|100%| O|  |TAMS 0x000000008a300000, 0x000000008a200000| Untracked 
| 163|0x000000008a300000, 0x000000008a400000, 0x000000008a400000|100%| O|  |TAMS 0x000000008a400000, 0x000000008a300000| Untracked 
| 164|0x000000008a400000, 0x000000008a500000, 0x000000008a500000|100%| O|  |TAMS 0x000000008a500000, 0x000000008a400000| Untracked 
| 165|0x000000008a500000, 0x000000008a600000, 0x000000008a600000|100%| O|  |TAMS 0x000000008a600000, 0x000000008a500000| Untracked 
| 166|0x000000008a600000, 0x000000008a700000, 0x000000008a700000|100%| O|  |TAMS 0x000000008a700000, 0x000000008a600000| Untracked 
| 167|0x000000008a700000, 0x000000008a800000, 0x000000008a800000|100%| O|  |TAMS 0x000000008a800000, 0x000000008a700000| Untracked 
| 168|0x000000008a800000, 0x000000008a900000, 0x000000008a900000|100%| O|  |TAMS 0x000000008a900000, 0x000000008a800000| Untracked 
| 169|0x000000008a900000, 0x000000008aa00000, 0x000000008aa00000|100%| O|  |TAMS 0x000000008aa00000, 0x000000008a900000| Untracked 
| 170|0x000000008aa00000, 0x000000008ab00000, 0x000000008ab00000|100%| O|  |TAMS 0x000000008ab00000, 0x000000008aa00000| Untracked 
| 171|0x000000008ab00000, 0x000000008ac00000, 0x000000008ac00000|100%| O|  |TAMS 0x000000008ac00000, 0x000000008ab00000| Untracked 
| 172|0x000000008ac00000, 0x000000008ad00000, 0x000000008ad00000|100%| O|  |TAMS 0x000000008ad00000, 0x000000008ac00000| Untracked 
| 173|0x000000008ad00000, 0x000000008ae00000, 0x000000008ae00000|100%| O|  |TAMS 0x000000008ae00000, 0x000000008ad00000| Untracked 
| 174|0x000000008ae00000, 0x000000008af00000, 0x000000008af00000|100%| O|  |TAMS 0x000000008af00000, 0x000000008ae00000| Untracked 
| 175|0x000000008af00000, 0x000000008b000000, 0x000000008b000000|100%|HS|  |TAMS 0x000000008af00000, 0x000000008af00000| Complete 
| 176|0x000000008b000000, 0x000000008b100000, 0x000000008b100000|100%| O|  |TAMS 0x000000008b100000, 0x000000008b000000| Untracked 
| 177|0x000000008b100000, 0x000000008b200000, 0x000000008b200000|100%| O|  |TAMS 0x000000008b200000, 0x000000008b100000| Untracked 
| 178|0x000000008b200000, 0x000000008b300000, 0x000000008b300000|100%| O|  |TAMS 0x000000008b300000, 0x000000008b200000| Untracked 
| 179|0x000000008b300000, 0x000000008b400000, 0x000000008b400000|100%| O|  |TAMS 0x000000008b400000, 0x000000008b300000| Untracked 
| 180|0x000000008b400000, 0x000000008b500000, 0x000000008b500000|100%| O|  |TAMS 0x000000008b500000, 0x000000008b400000| Untracked 
| 181|0x000000008b500000, 0x000000008b600000, 0x000000008b600000|100%| O|  |TAMS 0x000000008b600000, 0x000000008b500000| Untracked 
| 182|0x000000008b600000, 0x000000008b700000, 0x000000008b700000|100%| O|  |TAMS 0x000000008b700000, 0x000000008b600000| Untracked 
| 183|0x000000008b700000, 0x000000008b800000, 0x000000008b800000|100%| O|  |TAMS 0x000000008b800000, 0x000000008b700000| Untracked 
| 184|0x000000008b800000, 0x000000008b900000, 0x000000008b900000|100%| O|  |TAMS 0x000000008b900000, 0x000000008b800000| Untracked 
| 185|0x000000008b900000, 0x000000008ba00000, 0x000000008ba00000|100%| O|  |TAMS 0x000000008ba00000, 0x000000008b900000| Untracked 
| 186|0x000000008ba00000, 0x000000008bb00000, 0x000000008bb00000|100%|HS|  |TAMS 0x000000008ba00000, 0x000000008ba00000| Complete 
| 187|0x000000008bb00000, 0x000000008bc00000, 0x000000008bc00000|100%| O|  |TAMS 0x000000008bc00000, 0x000000008bb00000| Untracked 
| 188|0x000000008bc00000, 0x000000008bd00000, 0x000000008bd00000|100%| O|  |TAMS 0x000000008bd00000, 0x000000008bc00000| Untracked 
| 189|0x000000008bd00000, 0x000000008be00000, 0x000000008be00000|100%| O|  |TAMS 0x000000008be00000, 0x000000008bd00000| Untracked 
| 190|0x000000008be00000, 0x000000008bf00000, 0x000000008bf00000|100%| O|  |TAMS 0x000000008bf00000, 0x000000008be00000| Untracked 
| 191|0x000000008bf00000, 0x000000008c000000, 0x000000008c000000|100%| O|  |TAMS 0x000000008c000000, 0x000000008bf00000| Untracked 
| 192|0x000000008c000000, 0x000000008c100000, 0x000000008c100000|100%| O|  |TAMS 0x000000008c100000, 0x000000008c000000| Untracked 
| 193|0x000000008c100000, 0x000000008c200000, 0x000000008c200000|100%| O|  |TAMS 0x000000008c200000, 0x000000008c100000| Untracked 
| 194|0x000000008c200000, 0x000000008c300000, 0x000000008c300000|100%| O|  |TAMS 0x000000008c300000, 0x000000008c200000| Untracked 
| 195|0x000000008c300000, 0x000000008c400000, 0x000000008c400000|100%| O|  |TAMS 0x000000008c400000, 0x000000008c300000| Untracked 
| 196|0x000000008c400000, 0x000000008c500000, 0x000000008c500000|100%| O|  |TAMS 0x000000008c500000, 0x000000008c400000| Untracked 
| 197|0x000000008c500000, 0x000000008c600000, 0x000000008c600000|100%| O|  |TAMS 0x000000008c600000, 0x000000008c500000| Untracked 
| 198|0x000000008c600000, 0x000000008c700000, 0x000000008c700000|100%| O|  |TAMS 0x000000008c700000, 0x000000008c600000| Untracked 
| 199|0x000000008c700000, 0x000000008c800000, 0x000000008c800000|100%| O|  |TAMS 0x000000008c800000, 0x000000008c700000| Untracked 
| 200|0x000000008c800000, 0x000000008c900000, 0x000000008c900000|100%| O|  |TAMS 0x000000008c900000, 0x000000008c800000| Untracked 
| 201|0x000000008c900000, 0x000000008ca00000, 0x000000008ca00000|100%| O|  |TAMS 0x000000008c900000, 0x000000008c900000| Untracked 
| 202|0x000000008ca00000, 0x000000008cb00000, 0x000000008cb00000|100%| O|  |TAMS 0x000000008cb00000, 0x000000008ca00000| Untracked 
| 203|0x000000008cb00000, 0x000000008cc00000, 0x000000008cc00000|100%| O|  |TAMS 0x000000008cc00000, 0x000000008cb00000| Untracked 
| 204|0x000000008cc00000, 0x000000008cd00000, 0x000000008cd00000|100%| O|  |TAMS 0x000000008cd00000, 0x000000008cc00000| Untracked 
| 205|0x000000008cd00000, 0x000000008ce00000, 0x000000008ce00000|100%| O|  |TAMS 0x000000008ce00000, 0x000000008cd00000| Untracked 
| 206|0x000000008ce00000, 0x000000008cf00000, 0x000000008cf00000|100%| O|  |TAMS 0x000000008cf00000, 0x000000008ce00000| Untracked 
| 207|0x000000008cf00000, 0x000000008d000000, 0x000000008d000000|100%| O|  |TAMS 0x000000008d000000, 0x000000008cf00000| Untracked 
| 208|0x000000008d000000, 0x000000008d100000, 0x000000008d100000|100%| O|  |TAMS 0x000000008d100000, 0x000000008d000000| Untracked 
| 209|0x000000008d100000, 0x000000008d200000, 0x000000008d200000|100%| O|  |TAMS 0x000000008d200000, 0x000000008d100000| Untracked 
| 210|0x000000008d200000, 0x000000008d300000, 0x000000008d300000|100%| O|  |TAMS 0x000000008d300000, 0x000000008d200000| Untracked 
| 211|0x000000008d300000, 0x000000008d400000, 0x000000008d400000|100%| O|  |TAMS 0x000000008d400000, 0x000000008d300000| Untracked 
| 212|0x000000008d400000, 0x000000008d500000, 0x000000008d500000|100%| O|  |TAMS 0x000000008d500000, 0x000000008d400000| Untracked 
| 213|0x000000008d500000, 0x000000008d600000, 0x000000008d600000|100%| O|  |TAMS 0x000000008d600000, 0x000000008d500000| Untracked 
| 214|0x000000008d600000, 0x000000008d700000, 0x000000008d700000|100%| O|  |TAMS 0x000000008d700000, 0x000000008d600000| Untracked 
| 215|0x000000008d700000, 0x000000008d800000, 0x000000008d800000|100%| O|  |TAMS 0x000000008d800000, 0x000000008d700000| Untracked 
| 216|0x000000008d800000, 0x000000008d900000, 0x000000008d900000|100%| O|  |TAMS 0x000000008d900000, 0x000000008d800000| Untracked 
| 217|0x000000008d900000, 0x000000008da00000, 0x000000008da00000|100%| O|  |TAMS 0x000000008da00000, 0x000000008d900000| Untracked 
| 218|0x000000008da00000, 0x000000008db00000, 0x000000008db00000|100%| O|  |TAMS 0x000000008db00000, 0x000000008da00000| Untracked 
| 219|0x000000008db00000, 0x000000008dc00000, 0x000000008dc00000|100%| O|  |TAMS 0x000000008dc00000, 0x000000008db00000| Untracked 
| 220|0x000000008dc00000, 0x000000008dd00000, 0x000000008dd00000|100%| O|  |TAMS 0x000000008dd00000, 0x000000008dc00000| Untracked 
| 221|0x000000008dd00000, 0x000000008de00000, 0x000000008de00000|100%| O|  |TAMS 0x000000008de00000, 0x000000008dd00000| Untracked 
| 222|0x000000008de00000, 0x000000008df00000, 0x000000008df00000|100%| O|  |TAMS 0x000000008df00000, 0x000000008de00000| Untracked 
| 223|0x000000008df00000, 0x000000008e000000, 0x000000008e000000|100%|HS|  |TAMS 0x000000008e000000, 0x000000008df00000| Complete 
| 224|0x000000008e000000, 0x000000008e100000, 0x000000008e100000|100%|HS|  |TAMS 0x000000008e100000, 0x000000008e000000| Complete 
| 225|0x000000008e100000, 0x000000008e200000, 0x000000008e200000|100%|HS|  |TAMS 0x000000008e100000, 0x000000008e100000| Complete 
| 226|0x000000008e200000, 0x000000008e300000, 0x000000008e300000|100%| O|  |TAMS 0x000000008e300000, 0x000000008e200000| Untracked 
| 227|0x000000008e300000, 0x000000008e400000, 0x000000008e400000|100%| O|  |TAMS 0x000000008e400000, 0x000000008e300000| Untracked 
| 228|0x000000008e400000, 0x000000008e500000, 0x000000008e500000|100%|HS|  |TAMS 0x000000008e500000, 0x000000008e400000| Complete 
| 229|0x000000008e500000, 0x000000008e600000, 0x000000008e600000|100%|HS|  |TAMS 0x000000008e600000, 0x000000008e500000| Complete 
| 230|0x000000008e600000, 0x000000008e700000, 0x000000008e700000|100%|HC|  |TAMS 0x000000008e700000, 0x000000008e600000| Complete 
| 231|0x000000008e700000, 0x000000008e800000, 0x000000008e800000|100%|HS|  |TAMS 0x000000008e800000, 0x000000008e700000| Complete 
| 232|0x000000008e800000, 0x000000008e900000, 0x000000008e900000|100%|HS|  |TAMS 0x000000008e900000, 0x000000008e800000| Complete 
| 233|0x000000008e900000, 0x000000008ea00000, 0x000000008ea00000|100%|HS|  |TAMS 0x000000008ea00000, 0x000000008e900000| Complete 
| 234|0x000000008ea00000, 0x000000008eb00000, 0x000000008eb00000|100%|HS|  |TAMS 0x000000008eb00000, 0x000000008ea00000| Complete 
| 235|0x000000008eb00000, 0x000000008ec00000, 0x000000008ec00000|100%| O|  |TAMS 0x000000008ec00000, 0x000000008eb00000| Untracked 
| 236|0x000000008ec00000, 0x000000008ed00000, 0x000000008ed00000|100%| O|  |TAMS 0x000000008ed00000, 0x000000008ec00000| Untracked 
| 237|0x000000008ed00000, 0x000000008ee00000, 0x000000008ee00000|100%| O|  |TAMS 0x000000008ee00000, 0x000000008ed00000| Untracked 
| 238|0x000000008ee00000, 0x000000008ef00000, 0x000000008ef00000|100%| O|  |TAMS 0x000000008ef00000, 0x000000008ee00000| Untracked 
| 239|0x000000008ef00000, 0x000000008f000000, 0x000000008f000000|100%| O|  |TAMS 0x000000008f000000, 0x000000008ef00000| Untracked 
| 240|0x000000008f000000, 0x000000008f100000, 0x000000008f100000|100%| O|  |TAMS 0x000000008f100000, 0x000000008f000000| Untracked 
| 241|0x000000008f100000, 0x000000008f200000, 0x000000008f200000|100%| O|  |TAMS 0x000000008f200000, 0x000000008f100000| Untracked 
| 242|0x000000008f200000, 0x000000008f300000, 0x000000008f300000|100%| O|  |TAMS 0x000000008f300000, 0x000000008f200000| Untracked 
| 243|0x000000008f300000, 0x000000008f400000, 0x000000008f400000|100%| O|  |TAMS 0x000000008f400000, 0x000000008f300000| Untracked 
| 244|0x000000008f400000, 0x000000008f500000, 0x000000008f500000|100%| O|  |TAMS 0x000000008f500000, 0x000000008f400000| Untracked 
| 245|0x000000008f500000, 0x000000008f600000, 0x000000008f600000|100%|HS|  |TAMS 0x000000008f500000, 0x000000008f500000| Complete 
| 246|0x000000008f600000, 0x000000008f700000, 0x000000008f700000|100%| O|  |TAMS 0x000000008f700000, 0x000000008f600000| Untracked 
| 247|0x000000008f700000, 0x000000008f800000, 0x000000008f800000|100%| O|  |TAMS 0x000000008f800000, 0x000000008f700000| Untracked 
| 248|0x000000008f800000, 0x000000008f900000, 0x000000008f900000|100%| O|  |TAMS 0x000000008f900000, 0x000000008f800000| Untracked 
| 249|0x000000008f900000, 0x000000008fa00000, 0x000000008fa00000|100%| O|  |TAMS 0x000000008fa00000, 0x000000008f900000| Untracked 
| 250|0x000000008fa00000, 0x000000008fb00000, 0x000000008fb00000|100%| O|  |TAMS 0x000000008fb00000, 0x000000008fa00000| Untracked 
| 251|0x000000008fb00000, 0x000000008fc00000, 0x000000008fc00000|100%| O|  |TAMS 0x000000008fc00000, 0x000000008fb00000| Untracked 
| 252|0x000000008fc00000, 0x000000008fd00000, 0x000000008fd00000|100%| O|  |TAMS 0x000000008fd00000, 0x000000008fc00000| Untracked 
| 253|0x000000008fd00000, 0x000000008fe00000, 0x000000008fe00000|100%| O|  |TAMS 0x000000008fe00000, 0x000000008fd00000| Untracked 
| 254|0x000000008fe00000, 0x000000008ff00000, 0x000000008ff00000|100%| O|  |TAMS 0x000000008ff00000, 0x000000008fe00000| Untracked 
| 255|0x000000008ff00000, 0x0000000090000000, 0x0000000090000000|100%| O|  |TAMS 0x0000000090000000, 0x000000008ff00000| Untracked 
| 256|0x0000000090000000, 0x0000000090100000, 0x0000000090100000|100%| O|  |TAMS 0x0000000090100000, 0x0000000090000000| Untracked 
| 257|0x0000000090100000, 0x0000000090200000, 0x0000000090200000|100%| O|  |TAMS 0x0000000090200000, 0x0000000090100000| Untracked 
| 258|0x0000000090200000, 0x0000000090300000, 0x0000000090300000|100%| O|  |TAMS 0x0000000090300000, 0x0000000090200000| Untracked 
| 259|0x0000000090300000, 0x0000000090400000, 0x0000000090400000|100%| O|  |TAMS 0x0000000090400000, 0x0000000090300000| Untracked 
| 260|0x0000000090400000, 0x0000000090500000, 0x0000000090500000|100%| O|  |TAMS 0x0000000090500000, 0x0000000090400000| Untracked 
| 261|0x0000000090500000, 0x0000000090600000, 0x0000000090600000|100%| O|  |TAMS 0x0000000090600000, 0x0000000090500000| Untracked 
| 262|0x0000000090600000, 0x0000000090700000, 0x0000000090700000|100%| O|  |TAMS 0x0000000090700000, 0x0000000090600000| Untracked 
| 263|0x0000000090700000, 0x0000000090800000, 0x0000000090800000|100%| O|  |TAMS 0x0000000090800000, 0x0000000090700000| Untracked 
| 264|0x0000000090800000, 0x0000000090900000, 0x0000000090900000|100%| O|  |TAMS 0x0000000090900000, 0x0000000090800000| Untracked 
| 265|0x0000000090900000, 0x0000000090a00000, 0x0000000090a00000|100%| O|  |TAMS 0x0000000090a00000, 0x0000000090900000| Untracked 
| 266|0x0000000090a00000, 0x0000000090b00000, 0x0000000090b00000|100%| O|  |TAMS 0x0000000090b00000, 0x0000000090a00000| Untracked 
| 267|0x0000000090b00000, 0x0000000090c00000, 0x0000000090c00000|100%| O|  |TAMS 0x0000000090c00000, 0x0000000090b00000| Untracked 
| 268|0x0000000090c00000, 0x0000000090d00000, 0x0000000090d00000|100%| O|  |TAMS 0x0000000090d00000, 0x0000000090c00000| Untracked 
| 269|0x0000000090d00000, 0x0000000090e00000, 0x0000000090e00000|100%| O|  |TAMS 0x0000000090e00000, 0x0000000090d00000| Untracked 
| 270|0x0000000090e00000, 0x0000000090f00000, 0x0000000090f00000|100%| O|  |TAMS 0x0000000090f00000, 0x0000000090e00000| Untracked 
| 271|0x0000000090f00000, 0x0000000091000000, 0x0000000091000000|100%| O|  |TAMS 0x0000000091000000, 0x0000000090f00000| Untracked 
| 272|0x0000000091000000, 0x0000000091100000, 0x0000000091100000|100%| O|  |TAMS 0x0000000091100000, 0x0000000091000000| Untracked 
| 273|0x0000000091100000, 0x0000000091200000, 0x0000000091200000|100%| O|  |TAMS 0x0000000091200000, 0x0000000091100000| Untracked 
| 274|0x0000000091200000, 0x0000000091300000, 0x0000000091300000|100%| O|  |TAMS 0x0000000091300000, 0x0000000091200000| Untracked 
| 275|0x0000000091300000, 0x0000000091400000, 0x0000000091400000|100%| O|  |TAMS 0x0000000091400000, 0x0000000091300000| Untracked 
| 276|0x0000000091400000, 0x0000000091500000, 0x0000000091500000|100%| O|  |TAMS 0x0000000091500000, 0x0000000091400000| Untracked 
| 277|0x0000000091500000, 0x0000000091600000, 0x0000000091600000|100%| O|  |TAMS 0x0000000091600000, 0x0000000091500000| Untracked 
| 278|0x0000000091600000, 0x0000000091700000, 0x0000000091700000|100%| O|  |TAMS 0x0000000091700000, 0x0000000091600000| Untracked 
| 279|0x0000000091700000, 0x0000000091800000, 0x0000000091800000|100%| O|  |TAMS 0x0000000091800000, 0x0000000091700000| Untracked 
| 280|0x0000000091800000, 0x0000000091900000, 0x0000000091900000|100%| O|  |TAMS 0x0000000091900000, 0x0000000091800000| Untracked 
| 281|0x0000000091900000, 0x0000000091a00000, 0x0000000091a00000|100%| O|  |TAMS 0x0000000091a00000, 0x0000000091900000| Untracked 
| 282|0x0000000091a00000, 0x0000000091b00000, 0x0000000091b00000|100%| O|  |TAMS 0x0000000091b00000, 0x0000000091a00000| Untracked 
| 283|0x0000000091b00000, 0x0000000091c00000, 0x0000000091c00000|100%| O|  |TAMS 0x0000000091c00000, 0x0000000091b00000| Untracked 
| 284|0x0000000091c00000, 0x0000000091d00000, 0x0000000091d00000|100%| O|  |TAMS 0x0000000091d00000, 0x0000000091c00000| Untracked 
| 285|0x0000000091d00000, 0x0000000091e00000, 0x0000000091e00000|100%| O|  |TAMS 0x0000000091e00000, 0x0000000091d00000| Untracked 
| 286|0x0000000091e00000, 0x0000000091f00000, 0x0000000091f00000|100%| O|  |TAMS 0x0000000091f00000, 0x0000000091e00000| Untracked 
| 287|0x0000000091f00000, 0x0000000092000000, 0x0000000092000000|100%| O|  |TAMS 0x0000000092000000, 0x0000000091f00000| Untracked 
| 288|0x0000000092000000, 0x0000000092100000, 0x0000000092100000|100%| O|  |TAMS 0x0000000092100000, 0x0000000092000000| Untracked 
| 289|0x0000000092100000, 0x0000000092200000, 0x0000000092200000|100%| O|  |TAMS 0x0000000092200000, 0x0000000092100000| Untracked 
| 290|0x0000000092200000, 0x0000000092300000, 0x0000000092300000|100%| O|  |TAMS 0x0000000092300000, 0x0000000092200000| Untracked 
| 291|0x0000000092300000, 0x0000000092300000, 0x0000000092400000|  0%| F|  |TAMS 0x0000000092300000, 0x0000000092300000| Untracked 
| 292|0x0000000092400000, 0x0000000092500000, 0x0000000092500000|100%| O|  |TAMS 0x0000000092500000, 0x0000000092400000| Untracked 
| 293|0x0000000092500000, 0x0000000092600000, 0x0000000092600000|100%| O|  |TAMS 0x0000000092500000, 0x0000000092500000| Untracked 
| 294|0x0000000092600000, 0x0000000092700000, 0x0000000092700000|100%| O|  |TAMS 0x0000000092700000, 0x0000000092600000| Untracked 
| 295|0x0000000092700000, 0x0000000092800000, 0x0000000092800000|100%| O|  |TAMS 0x0000000092800000, 0x0000000092700000| Untracked 
| 296|0x0000000092800000, 0x0000000092900000, 0x0000000092900000|100%| O|  |TAMS 0x0000000092900000, 0x0000000092800000| Untracked 
| 297|0x0000000092900000, 0x0000000092a00000, 0x0000000092a00000|100%| O|  |TAMS 0x0000000092a00000, 0x0000000092900000| Untracked 
| 298|0x0000000092a00000, 0x0000000092b00000, 0x0000000092b00000|100%| O|  |TAMS 0x0000000092b00000, 0x0000000092a00000| Untracked 
| 299|0x0000000092b00000, 0x0000000092c00000, 0x0000000092c00000|100%| O|  |TAMS 0x0000000092c00000, 0x0000000092b00000| Untracked 
| 300|0x0000000092c00000, 0x0000000092d00000, 0x0000000092d00000|100%| O|  |TAMS 0x0000000092d00000, 0x0000000092c00000| Untracked 
| 301|0x0000000092d00000, 0x0000000092e00000, 0x0000000092e00000|100%| O|  |TAMS 0x0000000092e00000, 0x0000000092d00000| Untracked 
| 302|0x0000000092e00000, 0x0000000092f00000, 0x0000000092f00000|100%| O|  |TAMS 0x0000000092f00000, 0x0000000092e00000| Untracked 
| 303|0x0000000092f00000, 0x0000000093000000, 0x0000000093000000|100%| O|  |TAMS 0x0000000093000000, 0x0000000092f00000| Untracked 
| 304|0x0000000093000000, 0x0000000093100000, 0x0000000093100000|100%| O|  |TAMS 0x0000000093100000, 0x0000000093000000| Untracked 
| 305|0x0000000093100000, 0x0000000093200000, 0x0000000093200000|100%| O|  |TAMS 0x0000000093200000, 0x0000000093100000| Untracked 
| 306|0x0000000093200000, 0x0000000093300000, 0x0000000093300000|100%| O|  |TAMS 0x0000000093300000, 0x0000000093200000| Untracked 
| 307|0x0000000093300000, 0x0000000093400000, 0x0000000093400000|100%| O|  |TAMS 0x0000000093400000, 0x0000000093300000| Untracked 
| 308|0x0000000093400000, 0x0000000093500000, 0x0000000093500000|100%| O|  |TAMS 0x0000000093500000, 0x0000000093400000| Untracked 
| 309|0x0000000093500000, 0x0000000093600000, 0x0000000093600000|100%| O|  |TAMS 0x0000000093600000, 0x0000000093500000| Untracked 
| 310|0x0000000093600000, 0x0000000093700000, 0x0000000093700000|100%| O|  |TAMS 0x0000000093700000, 0x0000000093600000| Untracked 
| 311|0x0000000093700000, 0x0000000093800000, 0x0000000093800000|100%| O|  |TAMS 0x0000000093700000, 0x0000000093700000| Untracked 
| 312|0x0000000093800000, 0x0000000093900000, 0x0000000093900000|100%| O|  |TAMS 0x0000000093900000, 0x0000000093800000| Untracked 
| 313|0x0000000093900000, 0x0000000093a00000, 0x0000000093a00000|100%| O|  |TAMS 0x0000000093a00000, 0x0000000093900000| Untracked 
| 314|0x0000000093a00000, 0x0000000093b00000, 0x0000000093b00000|100%| O|  |TAMS 0x0000000093b00000, 0x0000000093a00000| Untracked 
| 315|0x0000000093b00000, 0x0000000093c00000, 0x0000000093c00000|100%| O|  |TAMS 0x0000000093c00000, 0x0000000093b00000| Untracked 
| 316|0x0000000093c00000, 0x0000000093d00000, 0x0000000093d00000|100%| O|  |TAMS 0x0000000093d00000, 0x0000000093c00000| Untracked 
| 317|0x0000000093d00000, 0x0000000093e00000, 0x0000000093e00000|100%| O|  |TAMS 0x0000000093e00000, 0x0000000093d00000| Untracked 
| 318|0x0000000093e00000, 0x0000000093f00000, 0x0000000093f00000|100%| O|  |TAMS 0x0000000093f00000, 0x0000000093e00000| Untracked 
| 319|0x0000000093f00000, 0x0000000094000000, 0x0000000094000000|100%| O|  |TAMS 0x0000000094000000, 0x0000000093f00000| Untracked 
| 320|0x0000000094000000, 0x0000000094100000, 0x0000000094100000|100%| O|  |TAMS 0x0000000094100000, 0x0000000094000000| Untracked 
| 321|0x0000000094100000, 0x0000000094200000, 0x0000000094200000|100%| O|  |TAMS 0x0000000094200000, 0x0000000094100000| Untracked 
| 322|0x0000000094200000, 0x0000000094300000, 0x0000000094300000|100%| O|  |TAMS 0x0000000094300000, 0x0000000094200000| Untracked 
| 323|0x0000000094300000, 0x0000000094400000, 0x0000000094400000|100%| O|  |TAMS 0x0000000094400000, 0x0000000094300000| Untracked 
| 324|0x0000000094400000, 0x0000000094500000, 0x0000000094500000|100%| O|  |TAMS 0x0000000094500000, 0x0000000094400000| Untracked 
| 325|0x0000000094500000, 0x0000000094600000, 0x0000000094600000|100%| O|  |TAMS 0x0000000094600000, 0x0000000094500000| Untracked 
| 326|0x0000000094600000, 0x0000000094700000, 0x0000000094700000|100%| O|  |TAMS 0x0000000094700000, 0x0000000094600000| Untracked 
| 327|0x0000000094700000, 0x0000000094800000, 0x0000000094800000|100%| O|  |TAMS 0x0000000094800000, 0x0000000094700000| Untracked 
| 328|0x0000000094800000, 0x0000000094900000, 0x0000000094900000|100%| O|  |TAMS 0x0000000094900000, 0x0000000094800000| Untracked 
| 329|0x0000000094900000, 0x0000000094a00000, 0x0000000094a00000|100%| O|  |TAMS 0x0000000094a00000, 0x0000000094900000| Untracked 
| 330|0x0000000094a00000, 0x0000000094b00000, 0x0000000094b00000|100%| O|  |TAMS 0x0000000094b00000, 0x0000000094a00000| Untracked 
| 331|0x0000000094b00000, 0x0000000094c00000, 0x0000000094c00000|100%| O|  |TAMS 0x0000000094c00000, 0x0000000094b00000| Untracked 
| 332|0x0000000094c00000, 0x0000000094d00000, 0x0000000094d00000|100%| O|  |TAMS 0x0000000094d00000, 0x0000000094c00000| Untracked 
| 333|0x0000000094d00000, 0x0000000094e00000, 0x0000000094e00000|100%| O|  |TAMS 0x0000000094e00000, 0x0000000094d00000| Untracked 
| 334|0x0000000094e00000, 0x0000000094f00000, 0x0000000094f00000|100%| O|  |TAMS 0x0000000094f00000, 0x0000000094e00000| Untracked 
| 335|0x0000000094f00000, 0x0000000095000000, 0x0000000095000000|100%| O|  |TAMS 0x0000000095000000, 0x0000000094f00000| Untracked 
| 336|0x0000000095000000, 0x0000000095100000, 0x0000000095100000|100%| O|  |TAMS 0x0000000095100000, 0x0000000095000000| Untracked 
| 337|0x0000000095100000, 0x0000000095200000, 0x0000000095200000|100%| O|  |TAMS 0x0000000095200000, 0x0000000095100000| Untracked 
| 338|0x0000000095200000, 0x0000000095300000, 0x0000000095300000|100%| O|  |TAMS 0x0000000095300000, 0x0000000095200000| Untracked 
| 339|0x0000000095300000, 0x0000000095400000, 0x0000000095400000|100%| O|  |TAMS 0x0000000095400000, 0x0000000095300000| Untracked 
| 340|0x0000000095400000, 0x0000000095500000, 0x0000000095500000|100%| O|  |TAMS 0x0000000095500000, 0x0000000095400000| Untracked 
| 341|0x0000000095500000, 0x0000000095600000, 0x0000000095600000|100%| O|  |TAMS 0x0000000095600000, 0x0000000095500000| Untracked 
| 342|0x0000000095600000, 0x0000000095700000, 0x0000000095700000|100%| O|  |TAMS 0x0000000095700000, 0x0000000095600000| Untracked 
| 343|0x0000000095700000, 0x0000000095800000, 0x0000000095800000|100%| O|  |TAMS 0x0000000095700000, 0x0000000095700000| Untracked 
| 344|0x0000000095800000, 0x0000000095900000, 0x0000000095900000|100%| O|  |TAMS 0x0000000095900000, 0x0000000095800000| Untracked 
| 345|0x0000000095900000, 0x0000000095a00000, 0x0000000095a00000|100%| O|  |TAMS 0x0000000095900000, 0x0000000095900000| Untracked 
| 346|0x0000000095a00000, 0x0000000095b00000, 0x0000000095b00000|100%| O|  |TAMS 0x0000000095a00000, 0x0000000095a00000| Untracked 
| 347|0x0000000095b00000, 0x0000000095c00000, 0x0000000095c00000|100%| O|  |TAMS 0x0000000095c00000, 0x0000000095b00000| Untracked 
| 348|0x0000000095c00000, 0x0000000095d00000, 0x0000000095d00000|100%| O|  |TAMS 0x0000000095d00000, 0x0000000095c00000| Untracked 
| 349|0x0000000095d00000, 0x0000000095e00000, 0x0000000095e00000|100%|HS|  |TAMS 0x0000000095e00000, 0x0000000095d00000| Complete 
| 350|0x0000000095e00000, 0x0000000095f00000, 0x0000000095f00000|100%|HC|  |TAMS 0x0000000095f00000, 0x0000000095e00000| Complete 
| 351|0x0000000095f00000, 0x0000000096000000, 0x0000000096000000|100%| O|  |TAMS 0x0000000096000000, 0x0000000095f00000| Untracked 
| 352|0x0000000096000000, 0x0000000096100000, 0x0000000096100000|100%| O|  |TAMS 0x0000000096100000, 0x0000000096000000| Untracked 
| 353|0x0000000096100000, 0x0000000096200000, 0x0000000096200000|100%| O|  |TAMS 0x0000000096200000, 0x0000000096100000| Untracked 
| 354|0x0000000096200000, 0x0000000096300000, 0x0000000096300000|100%| O|  |TAMS 0x0000000096300000, 0x0000000096200000| Untracked 
| 355|0x0000000096300000, 0x0000000096400000, 0x0000000096400000|100%| O|  |TAMS 0x0000000096400000, 0x0000000096300000| Untracked 
| 356|0x0000000096400000, 0x0000000096500000, 0x0000000096500000|100%| O|  |TAMS 0x0000000096500000, 0x0000000096400000| Untracked 
| 357|0x0000000096500000, 0x0000000096600000, 0x0000000096600000|100%| O|  |TAMS 0x0000000096600000, 0x0000000096500000| Untracked 
| 358|0x0000000096600000, 0x0000000096700000, 0x0000000096700000|100%| O|  |TAMS 0x0000000096700000, 0x0000000096600000| Untracked 
| 359|0x0000000096700000, 0x0000000096800000, 0x0000000096800000|100%| O|  |TAMS 0x0000000096800000, 0x0000000096700000| Untracked 
| 360|0x0000000096800000, 0x0000000096900000, 0x0000000096900000|100%| O|  |TAMS 0x0000000096900000, 0x0000000096800000| Untracked 
| 361|0x0000000096900000, 0x0000000096a00000, 0x0000000096a00000|100%| O|  |TAMS 0x0000000096a00000, 0x0000000096900000| Untracked 
| 362|0x0000000096a00000, 0x0000000096b00000, 0x0000000096b00000|100%|HS|  |TAMS 0x0000000096a00000, 0x0000000096a00000| Complete 
| 363|0x0000000096b00000, 0x0000000096c00000, 0x0000000096c00000|100%|HC|  |TAMS 0x0000000096b00000, 0x0000000096b00000| Complete 
| 364|0x0000000096c00000, 0x0000000096d00000, 0x0000000096d00000|100%| O|  |TAMS 0x0000000096d00000, 0x0000000096c00000| Untracked 
| 365|0x0000000096d00000, 0x0000000096e00000, 0x0000000096e00000|100%| O|  |TAMS 0x0000000096e00000, 0x0000000096d00000| Untracked 
| 366|0x0000000096e00000, 0x0000000096f00000, 0x0000000096f00000|100%| O|  |TAMS 0x0000000096f00000, 0x0000000096e00000| Untracked 
| 367|0x0000000096f00000, 0x0000000097000000, 0x0000000097000000|100%| O|  |TAMS 0x0000000097000000, 0x0000000096f00000| Untracked 
| 368|0x0000000097000000, 0x0000000097100000, 0x0000000097100000|100%| O|  |TAMS 0x0000000097100000, 0x0000000097000000| Untracked 
| 369|0x0000000097100000, 0x0000000097200000, 0x0000000097200000|100%| O|  |TAMS 0x0000000097200000, 0x0000000097100000| Untracked 
| 370|0x0000000097200000, 0x0000000097300000, 0x0000000097300000|100%|HS|  |TAMS 0x0000000097200000, 0x0000000097200000| Complete 
| 371|0x0000000097300000, 0x0000000097400000, 0x0000000097400000|100%|HC|  |TAMS 0x0000000097300000, 0x0000000097300000| Complete 
| 372|0x0000000097400000, 0x0000000097500000, 0x0000000097500000|100%| O|  |TAMS 0x0000000097500000, 0x0000000097400000| Untracked 
| 373|0x0000000097500000, 0x0000000097600000, 0x0000000097600000|100%| O|  |TAMS 0x0000000097600000, 0x0000000097500000| Untracked 
| 374|0x0000000097600000, 0x0000000097700000, 0x0000000097700000|100%| O|  |TAMS 0x0000000097700000, 0x0000000097600000| Untracked 
| 375|0x0000000097700000, 0x0000000097800000, 0x0000000097800000|100%| O|  |TAMS 0x0000000097800000, 0x0000000097700000| Untracked 
| 376|0x0000000097800000, 0x0000000097900000, 0x0000000097900000|100%| O|  |TAMS 0x0000000097800000, 0x0000000097800000| Untracked 
| 377|0x0000000097900000, 0x0000000097a00000, 0x0000000097a00000|100%| O|  |TAMS 0x0000000097900000, 0x0000000097900000| Untracked 
| 378|0x0000000097a00000, 0x0000000097b00000, 0x0000000097b00000|100%| O|  |TAMS 0x0000000097b00000, 0x0000000097a00000| Untracked 
| 379|0x0000000097b00000, 0x0000000097c00000, 0x0000000097c00000|100%| O|  |TAMS 0x0000000097b00000, 0x0000000097b00000| Untracked 
| 380|0x0000000097c00000, 0x0000000097c00000, 0x0000000097d00000|  0%| F|  |TAMS 0x0000000097c00000, 0x0000000097c00000| Untracked 
| 381|0x0000000097d00000, 0x0000000097e00000, 0x0000000097e00000|100%| O|  |TAMS 0x0000000097e00000, 0x0000000097d00000| Untracked 
| 382|0x0000000097e00000, 0x0000000097f00000, 0x0000000097f00000|100%| O|  |TAMS 0x0000000097f00000, 0x0000000097e00000| Untracked 
| 383|0x0000000097f00000, 0x0000000097f00000, 0x0000000098000000|  0%| F|  |TAMS 0x0000000097f00000, 0x0000000097f00000| Untracked 
| 384|0x0000000098000000, 0x0000000098100000, 0x0000000098100000|100%| O|  |TAMS 0x0000000098000000, 0x0000000098000000| Untracked 
| 385|0x0000000098100000, 0x0000000098200000, 0x0000000098200000|100%| O|  |TAMS 0x0000000098100000, 0x0000000098100000| Untracked 
| 386|0x0000000098200000, 0x0000000098200000, 0x0000000098300000|  0%| F|  |TAMS 0x0000000098200000, 0x0000000098200000| Untracked 
| 387|0x0000000098300000, 0x0000000098400000, 0x0000000098400000|100%| O|  |TAMS 0x0000000098300000, 0x0000000098300000| Untracked 
| 388|0x0000000098400000, 0x0000000098500000, 0x0000000098500000|100%| O|  |TAMS 0x0000000098400000, 0x0000000098400000| Untracked 
| 389|0x0000000098500000, 0x0000000098600000, 0x0000000098600000|100%| O|  |TAMS 0x0000000098500000, 0x0000000098500000| Untracked 
| 390|0x0000000098600000, 0x0000000098700000, 0x0000000098700000|100%| O|  |TAMS 0x0000000098700000, 0x0000000098600000| Untracked 
| 391|0x0000000098700000, 0x0000000098800000, 0x0000000098800000|100%| O|  |TAMS 0x0000000098800000, 0x0000000098700000| Untracked 
| 392|0x0000000098800000, 0x0000000098900000, 0x0000000098900000|100%| O|  |TAMS 0x0000000098900000, 0x0000000098800000| Untracked 
| 393|0x0000000098900000, 0x0000000098900000, 0x0000000098a00000|  0%| F|  |TAMS 0x0000000098900000, 0x0000000098900000| Untracked 
| 394|0x0000000098a00000, 0x0000000098b00000, 0x0000000098b00000|100%| O|  |TAMS 0x0000000098b00000, 0x0000000098a00000| Untracked 
| 395|0x0000000098b00000, 0x0000000098c00000, 0x0000000098c00000|100%|HS|  |TAMS 0x0000000098c00000, 0x0000000098b00000| Complete 
| 396|0x0000000098c00000, 0x0000000098d00000, 0x0000000098d00000|100%|HC|  |TAMS 0x0000000098d00000, 0x0000000098c00000| Complete 
| 397|0x0000000098d00000, 0x0000000098e00000, 0x0000000098e00000|100%|HC|  |TAMS 0x0000000098e00000, 0x0000000098d00000| Complete 
| 398|0x0000000098e00000, 0x0000000098f00000, 0x0000000098f00000|100%| O|  |TAMS 0x0000000098f00000, 0x0000000098e00000| Untracked 
| 399|0x0000000098f00000, 0x0000000099000000, 0x0000000099000000|100%| O|  |TAMS 0x0000000099000000, 0x0000000098f00000| Untracked 
| 400|0x0000000099000000, 0x0000000099100000, 0x0000000099100000|100%| O|  |TAMS 0x0000000099100000, 0x0000000099000000| Untracked 
| 401|0x0000000099100000, 0x0000000099200000, 0x0000000099200000|100%| O|  |TAMS 0x0000000099100000, 0x0000000099100000| Untracked 
| 402|0x0000000099200000, 0x0000000099300000, 0x0000000099300000|100%| O|  |TAMS 0x0000000099300000, 0x0000000099200000| Untracked 
| 403|0x0000000099300000, 0x0000000099400000, 0x0000000099400000|100%| O|  |TAMS 0x0000000099400000, 0x0000000099300000| Untracked 
| 404|0x0000000099400000, 0x0000000099500000, 0x0000000099500000|100%| O|  |TAMS 0x0000000099500000, 0x0000000099400000| Untracked 
| 405|0x0000000099500000, 0x0000000099600000, 0x0000000099600000|100%| O|  |TAMS 0x0000000099600000, 0x0000000099500000| Untracked 
| 406|0x0000000099600000, 0x0000000099700000, 0x0000000099700000|100%| O|  |TAMS 0x0000000099700000, 0x0000000099600000| Untracked 
| 407|0x0000000099700000, 0x0000000099800000, 0x0000000099800000|100%| O|  |TAMS 0x0000000099700000, 0x0000000099700000| Untracked 
| 408|0x0000000099800000, 0x0000000099900000, 0x0000000099900000|100%|HS|  |TAMS 0x0000000099900000, 0x0000000099800000| Complete 
| 409|0x0000000099900000, 0x0000000099a00000, 0x0000000099a00000|100%|HC|  |TAMS 0x0000000099a00000, 0x0000000099900000| Complete 
| 410|0x0000000099a00000, 0x0000000099b00000, 0x0000000099b00000|100%|HC|  |TAMS 0x0000000099b00000, 0x0000000099a00000| Complete 
| 411|0x0000000099b00000, 0x0000000099c00000, 0x0000000099c00000|100%| O|  |TAMS 0x0000000099c00000, 0x0000000099b00000| Untracked 
| 412|0x0000000099c00000, 0x0000000099d00000, 0x0000000099d00000|100%| O|  |TAMS 0x0000000099c00000, 0x0000000099c00000| Untracked 
| 413|0x0000000099d00000, 0x0000000099e00000, 0x0000000099e00000|100%| O|  |TAMS 0x0000000099d00000, 0x0000000099d00000| Untracked 
| 414|0x0000000099e00000, 0x0000000099f00000, 0x0000000099f00000|100%| O|  |TAMS 0x0000000099f00000, 0x0000000099e00000| Untracked 
| 415|0x0000000099f00000, 0x000000009a000000, 0x000000009a000000|100%| O|  |TAMS 0x000000009a000000, 0x0000000099f00000| Untracked 
| 416|0x000000009a000000, 0x000000009a000000, 0x000000009a100000|  0%| F|  |TAMS 0x000000009a000000, 0x000000009a000000| Untracked 
| 417|0x000000009a100000, 0x000000009a200000, 0x000000009a200000|100%| O|  |TAMS 0x000000009a100000, 0x000000009a100000| Untracked 
| 418|0x000000009a200000, 0x000000009a300000, 0x000000009a300000|100%| O|  |TAMS 0x000000009a200000, 0x000000009a200000| Untracked 
| 419|0x000000009a300000, 0x000000009a400000, 0x000000009a400000|100%| O|  |TAMS 0x000000009a400000, 0x000000009a300000| Untracked 
| 420|0x000000009a400000, 0x000000009a500000, 0x000000009a500000|100%| O|  |TAMS 0x000000009a500000, 0x000000009a400000| Untracked 
| 421|0x000000009a500000, 0x000000009a600000, 0x000000009a600000|100%| O|  |TAMS 0x000000009a600000, 0x000000009a500000| Untracked 
| 422|0x000000009a600000, 0x000000009a700000, 0x000000009a700000|100%| O|  |TAMS 0x000000009a700000, 0x000000009a600000| Untracked 
| 423|0x000000009a700000, 0x000000009a800000, 0x000000009a800000|100%| O|  |TAMS 0x000000009a800000, 0x000000009a700000| Untracked 
| 424|0x000000009a800000, 0x000000009a900000, 0x000000009a900000|100%| O|  |TAMS 0x000000009a900000, 0x000000009a800000| Untracked 
| 425|0x000000009a900000, 0x000000009aa00000, 0x000000009aa00000|100%| O|  |TAMS 0x000000009aa00000, 0x000000009a900000| Untracked 
| 426|0x000000009aa00000, 0x000000009ab00000, 0x000000009ab00000|100%| O|  |TAMS 0x000000009aa00000, 0x000000009aa00000| Untracked 
| 427|0x000000009ab00000, 0x000000009ac00000, 0x000000009ac00000|100%| O|  |TAMS 0x000000009ab00000, 0x000000009ab00000| Untracked 
| 428|0x000000009ac00000, 0x000000009ad00000, 0x000000009ad00000|100%| O|  |TAMS 0x000000009ac00000, 0x000000009ac00000| Untracked 
| 429|0x000000009ad00000, 0x000000009ae00000, 0x000000009ae00000|100%| O|  |TAMS 0x000000009ad00000, 0x000000009ad00000| Untracked 
| 430|0x000000009ae00000, 0x000000009af00000, 0x000000009af00000|100%| O|  |TAMS 0x000000009ae00000, 0x000000009ae00000| Untracked 
| 431|0x000000009af00000, 0x000000009b000000, 0x000000009b000000|100%| O|  |TAMS 0x000000009b000000, 0x000000009af00000| Untracked 
| 432|0x000000009b000000, 0x000000009b100000, 0x000000009b100000|100%| O|  |TAMS 0x000000009b100000, 0x000000009b000000| Untracked 
| 433|0x000000009b100000, 0x000000009b200000, 0x000000009b200000|100%| O|  |TAMS 0x000000009b100000, 0x000000009b100000| Untracked 
| 434|0x000000009b200000, 0x000000009b300000, 0x000000009b300000|100%| O|  |TAMS 0x000000009b300000, 0x000000009b200000| Untracked 
| 435|0x000000009b300000, 0x000000009b400000, 0x000000009b400000|100%| O|  |TAMS 0x000000009b300000, 0x000000009b300000| Untracked 
| 436|0x000000009b400000, 0x000000009b500000, 0x000000009b500000|100%| O|  |TAMS 0x000000009b400000, 0x000000009b400000| Untracked 
| 437|0x000000009b500000, 0x000000009b600000, 0x000000009b600000|100%| O|  |TAMS 0x000000009b500000, 0x000000009b500000| Untracked 
| 438|0x000000009b600000, 0x000000009b700000, 0x000000009b700000|100%| O|  |TAMS 0x000000009b600000, 0x000000009b600000| Untracked 
| 439|0x000000009b700000, 0x000000009b800000, 0x000000009b800000|100%| O|  |TAMS 0x000000009b700000, 0x000000009b700000| Untracked 
| 440|0x000000009b800000, 0x000000009b900000, 0x000000009b900000|100%| O|  |TAMS 0x000000009b900000, 0x000000009b800000| Untracked 
| 441|0x000000009b900000, 0x000000009ba00000, 0x000000009ba00000|100%| O|  |TAMS 0x000000009ba00000, 0x000000009b900000| Untracked 
| 442|0x000000009ba00000, 0x000000009bb00000, 0x000000009bb00000|100%| O|  |TAMS 0x000000009bb00000, 0x000000009ba00000| Untracked 
| 443|0x000000009bb00000, 0x000000009bc00000, 0x000000009bc00000|100%| O|  |TAMS 0x000000009bc00000, 0x000000009bb00000| Untracked 
| 444|0x000000009bc00000, 0x000000009bd00000, 0x000000009bd00000|100%| O|  |TAMS 0x000000009bc00000, 0x000000009bc00000| Untracked 
| 445|0x000000009bd00000, 0x000000009be00000, 0x000000009be00000|100%| O|  |TAMS 0x000000009be00000, 0x000000009bd00000| Untracked 
| 446|0x000000009be00000, 0x000000009bf00000, 0x000000009bf00000|100%| O|  |TAMS 0x000000009be00000, 0x000000009be00000| Untracked 
| 447|0x000000009bf00000, 0x000000009c000000, 0x000000009c000000|100%| O|  |TAMS 0x000000009bf00000, 0x000000009bf00000| Untracked 
| 448|0x000000009c000000, 0x000000009c100000, 0x000000009c100000|100%| O|  |TAMS 0x000000009c100000, 0x000000009c000000| Untracked 
| 449|0x000000009c100000, 0x000000009c200000, 0x000000009c200000|100%| O|  |TAMS 0x000000009c200000, 0x000000009c100000| Untracked 
| 450|0x000000009c200000, 0x000000009c300000, 0x000000009c300000|100%| O|  |TAMS 0x000000009c300000, 0x000000009c200000| Untracked 
| 451|0x000000009c300000, 0x000000009c400000, 0x000000009c400000|100%| O|  |TAMS 0x000000009c400000, 0x000000009c300000| Untracked 
| 452|0x000000009c400000, 0x000000009c500000, 0x000000009c500000|100%| O|  |TAMS 0x000000009c500000, 0x000000009c400000| Untracked 
| 453|0x000000009c500000, 0x000000009c600000, 0x000000009c600000|100%| O|  |TAMS 0x000000009c600000, 0x000000009c500000| Untracked 
| 454|0x000000009c600000, 0x000000009c700000, 0x000000009c700000|100%| O|  |TAMS 0x000000009c700000, 0x000000009c600000| Untracked 
| 455|0x000000009c700000, 0x000000009c800000, 0x000000009c800000|100%| O|  |TAMS 0x000000009c800000, 0x000000009c700000| Untracked 
| 456|0x000000009c800000, 0x000000009c900000, 0x000000009c900000|100%| O|  |TAMS 0x000000009c900000, 0x000000009c800000| Untracked 
| 457|0x000000009c900000, 0x000000009ca00000, 0x000000009ca00000|100%| O|  |TAMS 0x000000009ca00000, 0x000000009c900000| Untracked 
| 458|0x000000009ca00000, 0x000000009cb00000, 0x000000009cb00000|100%| O|  |TAMS 0x000000009cb00000, 0x000000009ca00000| Untracked 
| 459|0x000000009cb00000, 0x000000009cc00000, 0x000000009cc00000|100%| O|  |TAMS 0x000000009cc00000, 0x000000009cb00000| Untracked 
| 460|0x000000009cc00000, 0x000000009cd00000, 0x000000009cd00000|100%| O|  |TAMS 0x000000009cd00000, 0x000000009cc00000| Untracked 
| 461|0x000000009cd00000, 0x000000009ce00000, 0x000000009ce00000|100%| O|  |TAMS 0x000000009ce00000, 0x000000009cd00000| Untracked 
| 462|0x000000009ce00000, 0x000000009cf00000, 0x000000009cf00000|100%| O|  |TAMS 0x000000009cf00000, 0x000000009ce00000| Untracked 
| 463|0x000000009cf00000, 0x000000009d000000, 0x000000009d000000|100%| O|  |TAMS 0x000000009d000000, 0x000000009cf00000| Untracked 
| 464|0x000000009d000000, 0x000000009d100000, 0x000000009d100000|100%| O|  |TAMS 0x000000009d100000, 0x000000009d000000| Untracked 
| 465|0x000000009d100000, 0x000000009d200000, 0x000000009d200000|100%| O|  |TAMS 0x000000009d200000, 0x000000009d100000| Untracked 
| 466|0x000000009d200000, 0x000000009d300000, 0x000000009d300000|100%| O|  |TAMS 0x000000009d300000, 0x000000009d200000| Untracked 
| 467|0x000000009d300000, 0x000000009d400000, 0x000000009d400000|100%| O|  |TAMS 0x000000009d400000, 0x000000009d300000| Untracked 
| 468|0x000000009d400000, 0x000000009d500000, 0x000000009d500000|100%| O|  |TAMS 0x000000009d500000, 0x000000009d400000| Untracked 
| 469|0x000000009d500000, 0x000000009d600000, 0x000000009d600000|100%| O|  |TAMS 0x000000009d600000, 0x000000009d500000| Untracked 
| 470|0x000000009d600000, 0x000000009d700000, 0x000000009d700000|100%| O|  |TAMS 0x000000009d700000, 0x000000009d600000| Untracked 
| 471|0x000000009d700000, 0x000000009d800000, 0x000000009d800000|100%| O|  |TAMS 0x000000009d800000, 0x000000009d700000| Untracked 
| 472|0x000000009d800000, 0x000000009d900000, 0x000000009d900000|100%| O|  |TAMS 0x000000009d900000, 0x000000009d800000| Untracked 
| 473|0x000000009d900000, 0x000000009da00000, 0x000000009da00000|100%| O|  |TAMS 0x000000009da00000, 0x000000009d900000| Untracked 
| 474|0x000000009da00000, 0x000000009db00000, 0x000000009db00000|100%| O|  |TAMS 0x000000009db00000, 0x000000009da00000| Untracked 
| 475|0x000000009db00000, 0x000000009dc00000, 0x000000009dc00000|100%| O|  |TAMS 0x000000009dc00000, 0x000000009db00000| Untracked 
| 476|0x000000009dc00000, 0x000000009dd00000, 0x000000009dd00000|100%| O|  |TAMS 0x000000009dd00000, 0x000000009dc00000| Untracked 
| 477|0x000000009dd00000, 0x000000009de00000, 0x000000009de00000|100%| O|  |TAMS 0x000000009de00000, 0x000000009dd00000| Untracked 
| 478|0x000000009de00000, 0x000000009df00000, 0x000000009df00000|100%| O|  |TAMS 0x000000009df00000, 0x000000009de00000| Untracked 
| 479|0x000000009df00000, 0x000000009e000000, 0x000000009e000000|100%| O|  |TAMS 0x000000009e000000, 0x000000009df00000| Untracked 
| 480|0x000000009e000000, 0x000000009e100000, 0x000000009e100000|100%| O|  |TAMS 0x000000009e100000, 0x000000009e000000| Untracked 
| 481|0x000000009e100000, 0x000000009e200000, 0x000000009e200000|100%| O|  |TAMS 0x000000009e200000, 0x000000009e100000| Untracked 
| 482|0x000000009e200000, 0x000000009e300000, 0x000000009e300000|100%| O|  |TAMS 0x000000009e200000, 0x000000009e200000| Untracked 
| 483|0x000000009e300000, 0x000000009e400000, 0x000000009e400000|100%| O|  |TAMS 0x000000009e300000, 0x000000009e300000| Untracked 
| 484|0x000000009e400000, 0x000000009e500000, 0x000000009e500000|100%| O|  |TAMS 0x000000009e500000, 0x000000009e400000| Untracked 
| 485|0x000000009e500000, 0x000000009e600000, 0x000000009e600000|100%| O|  |TAMS 0x000000009e600000, 0x000000009e500000| Untracked 
| 486|0x000000009e600000, 0x000000009e700000, 0x000000009e700000|100%| O|  |TAMS 0x000000009e700000, 0x000000009e600000| Untracked 
| 487|0x000000009e700000, 0x000000009e800000, 0x000000009e800000|100%| O|  |TAMS 0x000000009e800000, 0x000000009e700000| Untracked 
| 488|0x000000009e800000, 0x000000009e900000, 0x000000009e900000|100%| O|  |TAMS 0x000000009e900000, 0x000000009e800000| Untracked 
| 489|0x000000009e900000, 0x000000009ea00000, 0x000000009ea00000|100%| O|  |TAMS 0x000000009ea00000, 0x000000009e900000| Untracked 
| 490|0x000000009ea00000, 0x000000009eb00000, 0x000000009eb00000|100%| O|  |TAMS 0x000000009eb00000, 0x000000009ea00000| Untracked 
| 491|0x000000009eb00000, 0x000000009ec00000, 0x000000009ec00000|100%| O|  |TAMS 0x000000009eb00000, 0x000000009eb00000| Untracked 
| 492|0x000000009ec00000, 0x000000009ed00000, 0x000000009ed00000|100%| O|  |TAMS 0x000000009ed00000, 0x000000009ec00000| Untracked 
| 493|0x000000009ed00000, 0x000000009ee00000, 0x000000009ee00000|100%| O|  |TAMS 0x000000009ee00000, 0x000000009ed00000| Untracked 
| 494|0x000000009ee00000, 0x000000009ee00000, 0x000000009ef00000|  0%| F|  |TAMS 0x000000009ee00000, 0x000000009ee00000| Untracked 
| 495|0x000000009ef00000, 0x000000009f000000, 0x000000009f000000|100%| O|  |TAMS 0x000000009f000000, 0x000000009ef00000| Untracked 
| 496|0x000000009f000000, 0x000000009f100000, 0x000000009f100000|100%| O|  |TAMS 0x000000009f100000, 0x000000009f000000| Untracked 
| 497|0x000000009f100000, 0x000000009f100000, 0x000000009f200000|  0%| F|  |TAMS 0x000000009f100000, 0x000000009f100000| Untracked 
| 498|0x000000009f200000, 0x000000009f300000, 0x000000009f300000|100%| O|  |TAMS 0x000000009f300000, 0x000000009f200000| Untracked 
| 499|0x000000009f300000, 0x000000009f400000, 0x000000009f400000|100%| O|  |TAMS 0x000000009f300000, 0x000000009f300000| Untracked 
| 500|0x000000009f400000, 0x000000009f500000, 0x000000009f500000|100%|HS|  |TAMS 0x000000009f500000, 0x000000009f400000| Complete 
| 501|0x000000009f500000, 0x000000009f600000, 0x000000009f600000|100%| O|  |TAMS 0x000000009f500000, 0x000000009f500000| Untracked 
| 502|0x000000009f600000, 0x000000009f700000, 0x000000009f700000|100%| O|  |TAMS 0x000000009f700000, 0x000000009f600000| Untracked 
| 503|0x000000009f700000, 0x000000009f800000, 0x000000009f800000|100%| O|  |TAMS 0x000000009f800000, 0x000000009f700000| Untracked 
| 504|0x000000009f800000, 0x000000009f900000, 0x000000009f900000|100%| O|  |TAMS 0x000000009f900000, 0x000000009f800000| Untracked 
| 505|0x000000009f900000, 0x000000009fa00000, 0x000000009fa00000|100%| O|  |TAMS 0x000000009fa00000, 0x000000009f900000| Untracked 
| 506|0x000000009fa00000, 0x000000009fb00000, 0x000000009fb00000|100%| O|  |TAMS 0x000000009fb00000, 0x000000009fa00000| Untracked 
| 507|0x000000009fb00000, 0x000000009fc00000, 0x000000009fc00000|100%| O|  |TAMS 0x000000009fc00000, 0x000000009fb00000| Untracked 
| 508|0x000000009fc00000, 0x000000009fd00000, 0x000000009fd00000|100%| O|  |TAMS 0x000000009fd00000, 0x000000009fc00000| Untracked 
| 509|0x000000009fd00000, 0x000000009fe00000, 0x000000009fe00000|100%| O|  |TAMS 0x000000009fe00000, 0x000000009fd00000| Untracked 
| 510|0x000000009fe00000, 0x000000009ff00000, 0x000000009ff00000|100%| O|  |TAMS 0x000000009ff00000, 0x000000009fe00000| Untracked 
| 511|0x000000009ff00000, 0x00000000a0000000, 0x00000000a0000000|100%| O|  |TAMS 0x00000000a0000000, 0x000000009ff00000| Untracked 
| 512|0x00000000a0000000, 0x00000000a0100000, 0x00000000a0100000|100%| O|  |TAMS 0x00000000a0100000, 0x00000000a0000000| Untracked 
| 513|0x00000000a0100000, 0x00000000a0200000, 0x00000000a0200000|100%| O|  |TAMS 0x00000000a0200000, 0x00000000a0100000| Untracked 
| 514|0x00000000a0200000, 0x00000000a0300000, 0x00000000a0300000|100%| O|  |TAMS 0x00000000a0200000, 0x00000000a0200000| Untracked 
| 515|0x00000000a0300000, 0x00000000a0400000, 0x00000000a0400000|100%| O|  |TAMS 0x00000000a0400000, 0x00000000a0300000| Untracked 
| 516|0x00000000a0400000, 0x00000000a0500000, 0x00000000a0500000|100%| O|  |TAMS 0x00000000a0500000, 0x00000000a0400000| Untracked 
| 517|0x00000000a0500000, 0x00000000a0600000, 0x00000000a0600000|100%| O|  |TAMS 0x00000000a0600000, 0x00000000a0500000| Untracked 
| 518|0x00000000a0600000, 0x00000000a0700000, 0x00000000a0700000|100%| O|  |TAMS 0x00000000a0700000, 0x00000000a0600000| Untracked 
| 519|0x00000000a0700000, 0x00000000a0800000, 0x00000000a0800000|100%| O|  |TAMS 0x00000000a0800000, 0x00000000a0700000| Untracked 
| 520|0x00000000a0800000, 0x00000000a0900000, 0x00000000a0900000|100%| O|  |TAMS 0x00000000a0900000, 0x00000000a0800000| Untracked 
| 521|0x00000000a0900000, 0x00000000a0a00000, 0x00000000a0a00000|100%| O|  |TAMS 0x00000000a0a00000, 0x00000000a0900000| Untracked 
| 522|0x00000000a0a00000, 0x00000000a0b00000, 0x00000000a0b00000|100%| O|  |TAMS 0x00000000a0b00000, 0x00000000a0a00000| Untracked 
| 523|0x00000000a0b00000, 0x00000000a0c00000, 0x00000000a0c00000|100%| O|  |TAMS 0x00000000a0c00000, 0x00000000a0b00000| Untracked 
| 524|0x00000000a0c00000, 0x00000000a0d00000, 0x00000000a0d00000|100%| O|  |TAMS 0x00000000a0d00000, 0x00000000a0c00000| Untracked 
| 525|0x00000000a0d00000, 0x00000000a0e00000, 0x00000000a0e00000|100%| O|  |TAMS 0x00000000a0e00000, 0x00000000a0d00000| Untracked 
| 526|0x00000000a0e00000, 0x00000000a0e00000, 0x00000000a0f00000|  0%| F|  |TAMS 0x00000000a0e00000, 0x00000000a0e00000| Untracked 
| 527|0x00000000a0f00000, 0x00000000a1000000, 0x00000000a1000000|100%| O|  |TAMS 0x00000000a1000000, 0x00000000a0f00000| Untracked 
| 528|0x00000000a1000000, 0x00000000a1100000, 0x00000000a1100000|100%|HS|  |TAMS 0x00000000a1100000, 0x00000000a1000000| Complete 
| 529|0x00000000a1100000, 0x00000000a1200000, 0x00000000a1200000|100%| O|  |TAMS 0x00000000a1200000, 0x00000000a1100000| Untracked 
| 530|0x00000000a1200000, 0x00000000a1300000, 0x00000000a1300000|100%| O|  |TAMS 0x00000000a1300000, 0x00000000a1200000| Untracked 
| 531|0x00000000a1300000, 0x00000000a1400000, 0x00000000a1400000|100%| O|  |TAMS 0x00000000a1400000, 0x00000000a1300000| Untracked 
| 532|0x00000000a1400000, 0x00000000a1500000, 0x00000000a1500000|100%| O|  |TAMS 0x00000000a1500000, 0x00000000a1400000| Untracked 
| 533|0x00000000a1500000, 0x00000000a1600000, 0x00000000a1600000|100%| O|  |TAMS 0x00000000a1600000, 0x00000000a1500000| Untracked 
| 534|0x00000000a1600000, 0x00000000a1700000, 0x00000000a1700000|100%| O|  |TAMS 0x00000000a1700000, 0x00000000a1600000| Untracked 
| 535|0x00000000a1700000, 0x00000000a1800000, 0x00000000a1800000|100%| O|  |TAMS 0x00000000a1800000, 0x00000000a1700000| Untracked 
| 536|0x00000000a1800000, 0x00000000a1900000, 0x00000000a1900000|100%| O|  |TAMS 0x00000000a1900000, 0x00000000a1800000| Untracked 
| 537|0x00000000a1900000, 0x00000000a1a00000, 0x00000000a1a00000|100%| O|  |TAMS 0x00000000a1a00000, 0x00000000a1900000| Untracked 
| 538|0x00000000a1a00000, 0x00000000a1b00000, 0x00000000a1b00000|100%| O|  |TAMS 0x00000000a1b00000, 0x00000000a1a00000| Untracked 
| 539|0x00000000a1b00000, 0x00000000a1c00000, 0x00000000a1c00000|100%| O|  |TAMS 0x00000000a1c00000, 0x00000000a1b00000| Untracked 
| 540|0x00000000a1c00000, 0x00000000a1d00000, 0x00000000a1d00000|100%| O|  |TAMS 0x00000000a1d00000, 0x00000000a1c00000| Untracked 
| 541|0x00000000a1d00000, 0x00000000a1e00000, 0x00000000a1e00000|100%| O|  |TAMS 0x00000000a1e00000, 0x00000000a1d00000| Untracked 
| 542|0x00000000a1e00000, 0x00000000a1f00000, 0x00000000a1f00000|100%| O|  |TAMS 0x00000000a1f00000, 0x00000000a1e00000| Untracked 
| 543|0x00000000a1f00000, 0x00000000a2000000, 0x00000000a2000000|100%| O|  |TAMS 0x00000000a2000000, 0x00000000a1f00000| Untracked 
| 544|0x00000000a2000000, 0x00000000a2100000, 0x00000000a2100000|100%| O|  |TAMS 0x00000000a2100000, 0x00000000a2000000| Untracked 
| 545|0x00000000a2100000, 0x00000000a2100000, 0x00000000a2200000|  0%| F|  |TAMS 0x00000000a2100000, 0x00000000a2100000| Untracked 
| 546|0x00000000a2200000, 0x00000000a2300000, 0x00000000a2300000|100%| O|  |TAMS 0x00000000a2300000, 0x00000000a2200000| Untracked 
| 547|0x00000000a2300000, 0x00000000a2400000, 0x00000000a2400000|100%| O|  |TAMS 0x00000000a2300000, 0x00000000a2300000| Untracked 
| 548|0x00000000a2400000, 0x00000000a2500000, 0x00000000a2500000|100%| O|  |TAMS 0x00000000a2500000, 0x00000000a2400000| Untracked 
| 549|0x00000000a2500000, 0x00000000a2600000, 0x00000000a2600000|100%| O|  |TAMS 0x00000000a2600000, 0x00000000a2500000| Untracked 
| 550|0x00000000a2600000, 0x00000000a2700000, 0x00000000a2700000|100%| O|  |TAMS 0x00000000a2700000, 0x00000000a2600000| Untracked 
| 551|0x00000000a2700000, 0x00000000a2800000, 0x00000000a2800000|100%| O|  |TAMS 0x00000000a2800000, 0x00000000a2700000| Untracked 
| 552|0x00000000a2800000, 0x00000000a2900000, 0x00000000a2900000|100%| O|  |TAMS 0x00000000a2900000, 0x00000000a2800000| Untracked 
| 553|0x00000000a2900000, 0x00000000a2a00000, 0x00000000a2a00000|100%| O|  |TAMS 0x00000000a2a00000, 0x00000000a2900000| Untracked 
| 554|0x00000000a2a00000, 0x00000000a2b00000, 0x00000000a2b00000|100%| O|  |TAMS 0x00000000a2b00000, 0x00000000a2a00000| Untracked 
| 555|0x00000000a2b00000, 0x00000000a2c00000, 0x00000000a2c00000|100%| O|  |TAMS 0x00000000a2c00000, 0x00000000a2b00000| Untracked 
| 556|0x00000000a2c00000, 0x00000000a2c00000, 0x00000000a2d00000|  0%| F|  |TAMS 0x00000000a2c00000, 0x00000000a2c00000| Untracked 
| 557|0x00000000a2d00000, 0x00000000a2e00000, 0x00000000a2e00000|100%| O|  |TAMS 0x00000000a2e00000, 0x00000000a2d00000| Untracked 
| 558|0x00000000a2e00000, 0x00000000a2f00000, 0x00000000a2f00000|100%| O|  |TAMS 0x00000000a2f00000, 0x00000000a2e00000| Untracked 
| 559|0x00000000a2f00000, 0x00000000a3000000, 0x00000000a3000000|100%| O|  |TAMS 0x00000000a3000000, 0x00000000a2f00000| Untracked 
| 560|0x00000000a3000000, 0x00000000a3100000, 0x00000000a3100000|100%| O|  |TAMS 0x00000000a3100000, 0x00000000a3000000| Untracked 
| 561|0x00000000a3100000, 0x00000000a3200000, 0x00000000a3200000|100%| O|  |TAMS 0x00000000a3200000, 0x00000000a3100000| Untracked 
| 562|0x00000000a3200000, 0x00000000a3300000, 0x00000000a3300000|100%| O|  |TAMS 0x00000000a3200000, 0x00000000a3200000| Untracked 
| 563|0x00000000a3300000, 0x00000000a3400000, 0x00000000a3400000|100%| O|  |TAMS 0x00000000a3400000, 0x00000000a3300000| Untracked 
| 564|0x00000000a3400000, 0x00000000a3500000, 0x00000000a3500000|100%| O|  |TAMS 0x00000000a3500000, 0x00000000a3400000| Untracked 
| 565|0x00000000a3500000, 0x00000000a3600000, 0x00000000a3600000|100%| O|  |TAMS 0x00000000a3600000, 0x00000000a3500000| Untracked 
| 566|0x00000000a3600000, 0x00000000a3700000, 0x00000000a3700000|100%| O|  |TAMS 0x00000000a3700000, 0x00000000a3600000| Untracked 
| 567|0x00000000a3700000, 0x00000000a3800000, 0x00000000a3800000|100%| O|  |TAMS 0x00000000a3800000, 0x00000000a3700000| Untracked 
| 568|0x00000000a3800000, 0x00000000a3900000, 0x00000000a3900000|100%| O|  |TAMS 0x00000000a3900000, 0x00000000a3800000| Untracked 
| 569|0x00000000a3900000, 0x00000000a3a00000, 0x00000000a3a00000|100%| O|  |TAMS 0x00000000a3a00000, 0x00000000a3900000| Untracked 
| 570|0x00000000a3a00000, 0x00000000a3b00000, 0x00000000a3b00000|100%| O|  |TAMS 0x00000000a3b00000, 0x00000000a3a00000| Untracked 
| 571|0x00000000a3b00000, 0x00000000a3c00000, 0x00000000a3c00000|100%| O|  |TAMS 0x00000000a3c00000, 0x00000000a3b00000| Untracked 
| 572|0x00000000a3c00000, 0x00000000a3d00000, 0x00000000a3d00000|100%| O|  |TAMS 0x00000000a3d00000, 0x00000000a3c00000| Untracked 
| 573|0x00000000a3d00000, 0x00000000a3e00000, 0x00000000a3e00000|100%| O|  |TAMS 0x00000000a3e00000, 0x00000000a3d00000| Untracked 
| 574|0x00000000a3e00000, 0x00000000a3f00000, 0x00000000a3f00000|100%| O|  |TAMS 0x00000000a3f00000, 0x00000000a3e00000| Untracked 
| 575|0x00000000a3f00000, 0x00000000a4000000, 0x00000000a4000000|100%| O|  |TAMS 0x00000000a4000000, 0x00000000a3f00000| Untracked 
| 576|0x00000000a4000000, 0x00000000a4100000, 0x00000000a4100000|100%| O|  |TAMS 0x00000000a4100000, 0x00000000a4000000| Untracked 
| 577|0x00000000a4100000, 0x00000000a4200000, 0x00000000a4200000|100%| O|  |TAMS 0x00000000a4200000, 0x00000000a4100000| Untracked 
| 578|0x00000000a4200000, 0x00000000a4300000, 0x00000000a4300000|100%| O|  |TAMS 0x00000000a4300000, 0x00000000a4200000| Untracked 
| 579|0x00000000a4300000, 0x00000000a4400000, 0x00000000a4400000|100%|HS|  |TAMS 0x00000000a4300000, 0x00000000a4300000| Complete 
| 580|0x00000000a4400000, 0x00000000a4500000, 0x00000000a4500000|100%|HC|  |TAMS 0x00000000a4400000, 0x00000000a4400000| Complete 
| 581|0x00000000a4500000, 0x00000000a4600000, 0x00000000a4600000|100%| O|  |TAMS 0x00000000a4600000, 0x00000000a4500000| Untracked 
| 582|0x00000000a4600000, 0x00000000a4700000, 0x00000000a4700000|100%| O|  |TAMS 0x00000000a4700000, 0x00000000a4600000| Untracked 
| 583|0x00000000a4700000, 0x00000000a4800000, 0x00000000a4800000|100%| O|  |TAMS 0x00000000a4800000, 0x00000000a4700000| Untracked 
| 584|0x00000000a4800000, 0x00000000a4800000, 0x00000000a4900000|  0%| F|  |TAMS 0x00000000a4800000, 0x00000000a4800000| Untracked 
| 585|0x00000000a4900000, 0x00000000a4a00000, 0x00000000a4a00000|100%| O|  |TAMS 0x00000000a4a00000, 0x00000000a4900000| Untracked 
| 586|0x00000000a4a00000, 0x00000000a4b00000, 0x00000000a4b00000|100%| O|  |TAMS 0x00000000a4a00000, 0x00000000a4a00000| Untracked 
| 587|0x00000000a4b00000, 0x00000000a4c00000, 0x00000000a4c00000|100%| O|  |TAMS 0x00000000a4b00000, 0x00000000a4b00000| Untracked 
| 588|0x00000000a4c00000, 0x00000000a4d00000, 0x00000000a4d00000|100%| O|  |TAMS 0x00000000a4c00000, 0x00000000a4c00000| Untracked 
| 589|0x00000000a4d00000, 0x00000000a4e00000, 0x00000000a4e00000|100%| O|  |TAMS 0x00000000a4e00000, 0x00000000a4d00000| Untracked 
| 590|0x00000000a4e00000, 0x00000000a4f00000, 0x00000000a4f00000|100%| O|  |TAMS 0x00000000a4f00000, 0x00000000a4e00000| Untracked 
| 591|0x00000000a4f00000, 0x00000000a5000000, 0x00000000a5000000|100%| O|  |TAMS 0x00000000a5000000, 0x00000000a4f00000| Untracked 
| 592|0x00000000a5000000, 0x00000000a5100000, 0x00000000a5100000|100%| O|  |TAMS 0x00000000a5100000, 0x00000000a5000000| Untracked 
| 593|0x00000000a5100000, 0x00000000a5200000, 0x00000000a5200000|100%| O|  |TAMS 0x00000000a5200000, 0x00000000a5100000| Untracked 
| 594|0x00000000a5200000, 0x00000000a5300000, 0x00000000a5300000|100%| O|  |TAMS 0x00000000a5300000, 0x00000000a5200000| Untracked 
| 595|0x00000000a5300000, 0x00000000a5400000, 0x00000000a5400000|100%| O|  |TAMS 0x00000000a5400000, 0x00000000a5300000| Untracked 
| 596|0x00000000a5400000, 0x00000000a5500000, 0x00000000a5500000|100%| O|  |TAMS 0x00000000a5500000, 0x00000000a5400000| Untracked 
| 597|0x00000000a5500000, 0x00000000a5600000, 0x00000000a5600000|100%| O|  |TAMS 0x00000000a5600000, 0x00000000a5500000| Untracked 
| 598|0x00000000a5600000, 0x00000000a5700000, 0x00000000a5700000|100%| O|  |TAMS 0x00000000a5700000, 0x00000000a5600000| Untracked 
| 599|0x00000000a5700000, 0x00000000a5800000, 0x00000000a5800000|100%| O|  |TAMS 0x00000000a5800000, 0x00000000a5700000| Untracked 
| 600|0x00000000a5800000, 0x00000000a5900000, 0x00000000a5900000|100%| O|  |TAMS 0x00000000a5900000, 0x00000000a5800000| Untracked 
| 601|0x00000000a5900000, 0x00000000a5a00000, 0x00000000a5a00000|100%| O|  |TAMS 0x00000000a5a00000, 0x00000000a5900000| Untracked 
| 602|0x00000000a5a00000, 0x00000000a5b00000, 0x00000000a5b00000|100%| O|  |TAMS 0x00000000a5b00000, 0x00000000a5a00000| Untracked 
| 603|0x00000000a5b00000, 0x00000000a5c00000, 0x00000000a5c00000|100%| O|  |TAMS 0x00000000a5c00000, 0x00000000a5b00000| Untracked 
| 604|0x00000000a5c00000, 0x00000000a5d00000, 0x00000000a5d00000|100%| O|  |TAMS 0x00000000a5d00000, 0x00000000a5c00000| Untracked 
| 605|0x00000000a5d00000, 0x00000000a5e00000, 0x00000000a5e00000|100%| O|  |TAMS 0x00000000a5e00000, 0x00000000a5d00000| Untracked 
| 606|0x00000000a5e00000, 0x00000000a5f00000, 0x00000000a5f00000|100%| O|  |TAMS 0x00000000a5f00000, 0x00000000a5e00000| Untracked 
| 607|0x00000000a5f00000, 0x00000000a6000000, 0x00000000a6000000|100%| O|  |TAMS 0x00000000a6000000, 0x00000000a5f00000| Untracked 
| 608|0x00000000a6000000, 0x00000000a6100000, 0x00000000a6100000|100%| O|  |TAMS 0x00000000a6100000, 0x00000000a6000000| Untracked 
| 609|0x00000000a6100000, 0x00000000a6200000, 0x00000000a6200000|100%| O|  |TAMS 0x00000000a6200000, 0x00000000a6100000| Untracked 
| 610|0x00000000a6200000, 0x00000000a6300000, 0x00000000a6300000|100%| O|  |TAMS 0x00000000a6300000, 0x00000000a6200000| Untracked 
| 611|0x00000000a6300000, 0x00000000a6400000, 0x00000000a6400000|100%| O|  |TAMS 0x00000000a6400000, 0x00000000a6300000| Untracked 
| 612|0x00000000a6400000, 0x00000000a6500000, 0x00000000a6500000|100%| O|  |TAMS 0x00000000a6500000, 0x00000000a6400000| Untracked 
| 613|0x00000000a6500000, 0x00000000a6600000, 0x00000000a6600000|100%| O|  |TAMS 0x00000000a6600000, 0x00000000a6500000| Untracked 
| 614|0x00000000a6600000, 0x00000000a6700000, 0x00000000a6700000|100%| O|  |TAMS 0x00000000a6621400, 0x00000000a6600000| Untracked 
| 615|0x00000000a6700000, 0x00000000a6800000, 0x00000000a6800000|100%| O|  |TAMS 0x00000000a6700000, 0x00000000a6700000| Untracked 
| 616|0x00000000a6800000, 0x00000000a6900000, 0x00000000a6900000|100%| O|  |TAMS 0x00000000a6800000, 0x00000000a6800000| Untracked 
| 617|0x00000000a6900000, 0x00000000a6a00000, 0x00000000a6a00000|100%| O|  |TAMS 0x00000000a6900000, 0x00000000a6900000| Untracked 
| 618|0x00000000a6a00000, 0x00000000a6b00000, 0x00000000a6b00000|100%| O|  |TAMS 0x00000000a6a00000, 0x00000000a6a00000| Untracked 
| 619|0x00000000a6b00000, 0x00000000a6c00000, 0x00000000a6c00000|100%| O|  |TAMS 0x00000000a6b00000, 0x00000000a6b00000| Untracked 
| 620|0x00000000a6c00000, 0x00000000a6d00000, 0x00000000a6d00000|100%| O|  |TAMS 0x00000000a6c00000, 0x00000000a6c00000| Untracked 
| 621|0x00000000a6d00000, 0x00000000a6e00000, 0x00000000a6e00000|100%| O|  |TAMS 0x00000000a6d00000, 0x00000000a6d00000| Untracked 
| 622|0x00000000a6e00000, 0x00000000a6f00000, 0x00000000a6f00000|100%| O|  |TAMS 0x00000000a6e00000, 0x00000000a6e00000| Untracked 
| 623|0x00000000a6f00000, 0x00000000a7000000, 0x00000000a7000000|100%| O|  |TAMS 0x00000000a6f00000, 0x00000000a6f00000| Untracked 
| 624|0x00000000a7000000, 0x00000000a7100000, 0x00000000a7100000|100%| O|  |TAMS 0x00000000a7000000, 0x00000000a7000000| Untracked 
| 625|0x00000000a7100000, 0x00000000a7200000, 0x00000000a7200000|100%| O|  |TAMS 0x00000000a7100000, 0x00000000a7100000| Untracked 
| 626|0x00000000a7200000, 0x00000000a7300000, 0x00000000a7300000|100%| O|  |TAMS 0x00000000a7200000, 0x00000000a7200000| Untracked 
| 627|0x00000000a7300000, 0x00000000a7400000, 0x00000000a7400000|100%| O|  |TAMS 0x00000000a7300000, 0x00000000a7300000| Untracked 
| 628|0x00000000a7400000, 0x00000000a7500000, 0x00000000a7500000|100%| O|  |TAMS 0x00000000a7400000, 0x00000000a7400000| Untracked 
| 629|0x00000000a7500000, 0x00000000a7600000, 0x00000000a7600000|100%| O|  |TAMS 0x00000000a7500000, 0x00000000a7500000| Untracked 
| 630|0x00000000a7600000, 0x00000000a7700000, 0x00000000a7700000|100%| O|  |TAMS 0x00000000a7600000, 0x00000000a7600000| Untracked 
| 631|0x00000000a7700000, 0x00000000a7800000, 0x00000000a7800000|100%| O|  |TAMS 0x00000000a7700000, 0x00000000a7700000| Untracked 
| 632|0x00000000a7800000, 0x00000000a7900000, 0x00000000a7900000|100%| O|  |TAMS 0x00000000a7800000, 0x00000000a7800000| Untracked 
| 633|0x00000000a7900000, 0x00000000a7a00000, 0x00000000a7a00000|100%| O|  |TAMS 0x00000000a7900000, 0x00000000a7900000| Untracked 
| 634|0x00000000a7a00000, 0x00000000a7b00000, 0x00000000a7b00000|100%| O|  |TAMS 0x00000000a7a00000, 0x00000000a7a00000| Untracked 
| 635|0x00000000a7b00000, 0x00000000a7c00000, 0x00000000a7c00000|100%| O|  |TAMS 0x00000000a7b00000, 0x00000000a7b00000| Untracked 
| 636|0x00000000a7c00000, 0x00000000a7d00000, 0x00000000a7d00000|100%| O|  |TAMS 0x00000000a7c00000, 0x00000000a7c00000| Untracked 
| 637|0x00000000a7d00000, 0x00000000a7e00000, 0x00000000a7e00000|100%| O|  |TAMS 0x00000000a7d00000, 0x00000000a7d00000| Untracked 
| 638|0x00000000a7e00000, 0x00000000a7f00000, 0x00000000a7f00000|100%| O|  |TAMS 0x00000000a7e00000, 0x00000000a7e00000| Untracked 
| 639|0x00000000a7f00000, 0x00000000a8000000, 0x00000000a8000000|100%| O|  |TAMS 0x00000000a7f00000, 0x00000000a7f00000| Untracked 
| 640|0x00000000a8000000, 0x00000000a8100000, 0x00000000a8100000|100%| O|  |TAMS 0x00000000a8000000, 0x00000000a8000000| Untracked 
| 641|0x00000000a8100000, 0x00000000a8200000, 0x00000000a8200000|100%| O|  |TAMS 0x00000000a8100000, 0x00000000a8100000| Untracked 
| 642|0x00000000a8200000, 0x00000000a8300000, 0x00000000a8300000|100%| O|  |TAMS 0x00000000a8200000, 0x00000000a8200000| Untracked 
| 643|0x00000000a8300000, 0x00000000a8400000, 0x00000000a8400000|100%| O|  |TAMS 0x00000000a8300000, 0x00000000a8300000| Untracked 
| 644|0x00000000a8400000, 0x00000000a8500000, 0x00000000a8500000|100%| O|  |TAMS 0x00000000a8400000, 0x00000000a8400000| Untracked 
| 645|0x00000000a8500000, 0x00000000a8600000, 0x00000000a8600000|100%| O|  |TAMS 0x00000000a8500000, 0x00000000a8500000| Untracked 
| 646|0x00000000a8600000, 0x00000000a8700000, 0x00000000a8700000|100%| O|  |TAMS 0x00000000a8600000, 0x00000000a8600000| Untracked 
| 647|0x00000000a8700000, 0x00000000a8800000, 0x00000000a8800000|100%| O|  |TAMS 0x00000000a8700000, 0x00000000a8700000| Untracked 
| 648|0x00000000a8800000, 0x00000000a8900000, 0x00000000a8900000|100%| O|  |TAMS 0x00000000a8800000, 0x00000000a8800000| Untracked 
| 649|0x00000000a8900000, 0x00000000a8a00000, 0x00000000a8a00000|100%| O|  |TAMS 0x00000000a8900000, 0x00000000a8900000| Untracked 
| 650|0x00000000a8a00000, 0x00000000a8b00000, 0x00000000a8b00000|100%| O|  |TAMS 0x00000000a8a00000, 0x00000000a8a00000| Untracked 
| 651|0x00000000a8b00000, 0x00000000a8c00000, 0x00000000a8c00000|100%| O|  |TAMS 0x00000000a8b00000, 0x00000000a8b00000| Untracked 
| 652|0x00000000a8c00000, 0x00000000a8d00000, 0x00000000a8d00000|100%| O|  |TAMS 0x00000000a8c00000, 0x00000000a8c00000| Untracked 
| 653|0x00000000a8d00000, 0x00000000a8e00000, 0x00000000a8e00000|100%| O|  |TAMS 0x00000000a8d00000, 0x00000000a8d00000| Untracked 
| 654|0x00000000a8e00000, 0x00000000a8f00000, 0x00000000a8f00000|100%| O|  |TAMS 0x00000000a8e00000, 0x00000000a8e00000| Untracked 
| 655|0x00000000a8f00000, 0x00000000a9000000, 0x00000000a9000000|100%| O|  |TAMS 0x00000000a8f00000, 0x00000000a8f00000| Untracked 
| 656|0x00000000a9000000, 0x00000000a9100000, 0x00000000a9100000|100%| O|  |TAMS 0x00000000a9000000, 0x00000000a9000000| Untracked 
| 657|0x00000000a9100000, 0x00000000a9200000, 0x00000000a9200000|100%|HS|  |TAMS 0x00000000a9100000, 0x00000000a9100000| Complete 
| 658|0x00000000a9200000, 0x00000000a9300000, 0x00000000a9300000|100%|HC|  |TAMS 0x00000000a9200000, 0x00000000a9200000| Complete 
| 659|0x00000000a9300000, 0x00000000a9400000, 0x00000000a9400000|100%|HS|  |TAMS 0x00000000a9300000, 0x00000000a9300000| Complete 
| 660|0x00000000a9400000, 0x00000000a9500000, 0x00000000a9500000|100%|HC|  |TAMS 0x00000000a9400000, 0x00000000a9400000| Complete 
| 661|0x00000000a9500000, 0x00000000a9600000, 0x00000000a9600000|100%|HS|  |TAMS 0x00000000a9500000, 0x00000000a9500000| Complete 
| 662|0x00000000a9600000, 0x00000000a9700000, 0x00000000a9700000|100%|HC|  |TAMS 0x00000000a9600000, 0x00000000a9600000| Complete 
| 663|0x00000000a9700000, 0x00000000a9700000, 0x00000000a9800000|  0%| F|  |TAMS 0x00000000a9700000, 0x00000000a9700000| Untracked 
| 664|0x00000000a9800000, 0x00000000a9800000, 0x00000000a9900000|  0%| F|  |TAMS 0x00000000a9800000, 0x00000000a9800000| Untracked 
| 665|0x00000000a9900000, 0x00000000a9900000, 0x00000000a9a00000|  0%| F|  |TAMS 0x00000000a9900000, 0x00000000a9900000| Untracked 
| 666|0x00000000a9a00000, 0x00000000a9a00000, 0x00000000a9b00000|  0%| F|  |TAMS 0x00000000a9a00000, 0x00000000a9a00000| Untracked 
| 667|0x00000000a9b00000, 0x00000000a9b00000, 0x00000000a9c00000|  0%| F|  |TAMS 0x00000000a9b00000, 0x00000000a9b00000| Untracked 
| 668|0x00000000a9c00000, 0x00000000a9c00000, 0x00000000a9d00000|  0%| F|  |TAMS 0x00000000a9c00000, 0x00000000a9c00000| Untracked 
| 669|0x00000000a9d00000, 0x00000000a9d00000, 0x00000000a9e00000|  0%| F|  |TAMS 0x00000000a9d00000, 0x00000000a9d00000| Untracked 
| 670|0x00000000a9e00000, 0x00000000a9e00000, 0x00000000a9f00000|  0%| F|  |TAMS 0x00000000a9e00000, 0x00000000a9e00000| Untracked 
| 671|0x00000000a9f00000, 0x00000000a9f00000, 0x00000000aa000000|  0%| F|  |TAMS 0x00000000a9f00000, 0x00000000a9f00000| Untracked 
| 672|0x00000000aa000000, 0x00000000aa000000, 0x00000000aa100000|  0%| F|  |TAMS 0x00000000aa000000, 0x00000000aa000000| Untracked 
| 673|0x00000000aa100000, 0x00000000aa100000, 0x00000000aa200000|  0%| F|  |TAMS 0x00000000aa100000, 0x00000000aa100000| Untracked 
| 674|0x00000000aa200000, 0x00000000aa200000, 0x00000000aa300000|  0%| F|  |TAMS 0x00000000aa200000, 0x00000000aa200000| Untracked 
| 675|0x00000000aa300000, 0x00000000aa300000, 0x00000000aa400000|  0%| F|  |TAMS 0x00000000aa300000, 0x00000000aa300000| Untracked 
| 676|0x00000000aa400000, 0x00000000aa400000, 0x00000000aa500000|  0%| F|  |TAMS 0x00000000aa400000, 0x00000000aa400000| Untracked 
| 677|0x00000000aa500000, 0x00000000aa500000, 0x00000000aa600000|  0%| F|  |TAMS 0x00000000aa500000, 0x00000000aa500000| Untracked 
| 678|0x00000000aa600000, 0x00000000aa600000, 0x00000000aa700000|  0%| F|  |TAMS 0x00000000aa600000, 0x00000000aa600000| Untracked 
| 679|0x00000000aa700000, 0x00000000aa700000, 0x00000000aa800000|  0%| F|  |TAMS 0x00000000aa700000, 0x00000000aa700000| Untracked 
| 680|0x00000000aa800000, 0x00000000aa800000, 0x00000000aa900000|  0%| F|  |TAMS 0x00000000aa800000, 0x00000000aa800000| Untracked 
| 681|0x00000000aa900000, 0x00000000aa900000, 0x00000000aaa00000|  0%| F|  |TAMS 0x00000000aa900000, 0x00000000aa900000| Untracked 
| 682|0x00000000aaa00000, 0x00000000aaa00000, 0x00000000aab00000|  0%| F|  |TAMS 0x00000000aaa00000, 0x00000000aaa00000| Untracked 
| 683|0x00000000aab00000, 0x00000000aab00000, 0x00000000aac00000|  0%| F|  |TAMS 0x00000000aab00000, 0x00000000aab00000| Untracked 
| 684|0x00000000aac00000, 0x00000000aac00000, 0x00000000aad00000|  0%| F|  |TAMS 0x00000000aac00000, 0x00000000aac00000| Untracked 
| 685|0x00000000aad00000, 0x00000000aad00000, 0x00000000aae00000|  0%| F|  |TAMS 0x00000000aad00000, 0x00000000aad00000| Untracked 
| 686|0x00000000aae00000, 0x00000000aae00000, 0x00000000aaf00000|  0%| F|  |TAMS 0x00000000aae00000, 0x00000000aae00000| Untracked 
| 687|0x00000000aaf00000, 0x00000000aaf00000, 0x00000000ab000000|  0%| F|  |TAMS 0x00000000aaf00000, 0x00000000aaf00000| Untracked 
| 688|0x00000000ab000000, 0x00000000ab000000, 0x00000000ab100000|  0%| F|  |TAMS 0x00000000ab000000, 0x00000000ab000000| Untracked 
| 689|0x00000000ab100000, 0x00000000ab100000, 0x00000000ab200000|  0%| F|  |TAMS 0x00000000ab100000, 0x00000000ab100000| Untracked 
| 690|0x00000000ab200000, 0x00000000ab200000, 0x00000000ab300000|  0%| F|  |TAMS 0x00000000ab200000, 0x00000000ab200000| Untracked 
| 691|0x00000000ab300000, 0x00000000ab300000, 0x00000000ab400000|  0%| F|  |TAMS 0x00000000ab300000, 0x00000000ab300000| Untracked 
| 692|0x00000000ab400000, 0x00000000ab400000, 0x00000000ab500000|  0%| F|  |TAMS 0x00000000ab400000, 0x00000000ab400000| Untracked 
| 693|0x00000000ab500000, 0x00000000ab500000, 0x00000000ab600000|  0%| F|  |TAMS 0x00000000ab500000, 0x00000000ab500000| Untracked 
| 694|0x00000000ab600000, 0x00000000ab600000, 0x00000000ab700000|  0%| F|  |TAMS 0x00000000ab600000, 0x00000000ab600000| Untracked 
| 695|0x00000000ab700000, 0x00000000ab700000, 0x00000000ab800000|  0%| F|  |TAMS 0x00000000ab700000, 0x00000000ab700000| Untracked 
| 696|0x00000000ab800000, 0x00000000ab800000, 0x00000000ab900000|  0%| F|  |TAMS 0x00000000ab800000, 0x00000000ab800000| Untracked 
| 697|0x00000000ab900000, 0x00000000ab900000, 0x00000000aba00000|  0%| F|  |TAMS 0x00000000ab900000, 0x00000000ab900000| Untracked 
| 698|0x00000000aba00000, 0x00000000aba00000, 0x00000000abb00000|  0%| F|  |TAMS 0x00000000aba00000, 0x00000000aba00000| Untracked 
| 699|0x00000000abb00000, 0x00000000abb00000, 0x00000000abc00000|  0%| F|  |TAMS 0x00000000abb00000, 0x00000000abb00000| Untracked 
| 700|0x00000000abc00000, 0x00000000abc00000, 0x00000000abd00000|  0%| F|  |TAMS 0x00000000abc00000, 0x00000000abc00000| Untracked 
| 701|0x00000000abd00000, 0x00000000abd00000, 0x00000000abe00000|  0%| F|  |TAMS 0x00000000abd00000, 0x00000000abd00000| Untracked 
| 702|0x00000000abe00000, 0x00000000abe00000, 0x00000000abf00000|  0%| F|  |TAMS 0x00000000abe00000, 0x00000000abe00000| Untracked 
| 703|0x00000000abf00000, 0x00000000abf00000, 0x00000000ac000000|  0%| F|  |TAMS 0x00000000abf00000, 0x00000000abf00000| Untracked 
| 704|0x00000000ac000000, 0x00000000ac000000, 0x00000000ac100000|  0%| F|  |TAMS 0x00000000ac000000, 0x00000000ac000000| Untracked 
| 705|0x00000000ac100000, 0x00000000ac100000, 0x00000000ac200000|  0%| F|  |TAMS 0x00000000ac100000, 0x00000000ac100000| Untracked 
| 706|0x00000000ac200000, 0x00000000ac200000, 0x00000000ac300000|  0%| F|  |TAMS 0x00000000ac200000, 0x00000000ac200000| Untracked 
| 707|0x00000000ac300000, 0x00000000ac300000, 0x00000000ac400000|  0%| F|  |TAMS 0x00000000ac300000, 0x00000000ac300000| Untracked 
| 708|0x00000000ac400000, 0x00000000ac400000, 0x00000000ac500000|  0%| F|  |TAMS 0x00000000ac400000, 0x00000000ac400000| Untracked 
| 709|0x00000000ac500000, 0x00000000ac500000, 0x00000000ac600000|  0%| F|  |TAMS 0x00000000ac500000, 0x00000000ac500000| Untracked 
| 710|0x00000000ac600000, 0x00000000ac600000, 0x00000000ac700000|  0%| F|  |TAMS 0x00000000ac600000, 0x00000000ac600000| Untracked 
| 711|0x00000000ac700000, 0x00000000ac700000, 0x00000000ac800000|  0%| F|  |TAMS 0x00000000ac700000, 0x00000000ac700000| Untracked 
| 712|0x00000000ac800000, 0x00000000ac800000, 0x00000000ac900000|  0%| F|  |TAMS 0x00000000ac800000, 0x00000000ac800000| Untracked 
| 713|0x00000000ac900000, 0x00000000ac900000, 0x00000000aca00000|  0%| F|  |TAMS 0x00000000ac900000, 0x00000000ac900000| Untracked 
| 714|0x00000000aca00000, 0x00000000aca00000, 0x00000000acb00000|  0%| F|  |TAMS 0x00000000aca00000, 0x00000000aca00000| Untracked 
| 715|0x00000000acb00000, 0x00000000acb00000, 0x00000000acc00000|  0%| F|  |TAMS 0x00000000acb00000, 0x00000000acb00000| Untracked 
| 716|0x00000000acc00000, 0x00000000acc00000, 0x00000000acd00000|  0%| F|  |TAMS 0x00000000acc00000, 0x00000000acc00000| Untracked 
| 717|0x00000000acd00000, 0x00000000acd00000, 0x00000000ace00000|  0%| F|  |TAMS 0x00000000acd00000, 0x00000000acd00000| Untracked 
| 718|0x00000000ace00000, 0x00000000ace00000, 0x00000000acf00000|  0%| F|  |TAMS 0x00000000ace00000, 0x00000000ace00000| Untracked 
| 719|0x00000000acf00000, 0x00000000acf00000, 0x00000000ad000000|  0%| F|  |TAMS 0x00000000acf00000, 0x00000000acf00000| Untracked 
| 720|0x00000000ad000000, 0x00000000ad000000, 0x00000000ad100000|  0%| F|  |TAMS 0x00000000ad000000, 0x00000000ad000000| Untracked 
| 721|0x00000000ad100000, 0x00000000ad100000, 0x00000000ad200000|  0%| F|  |TAMS 0x00000000ad100000, 0x00000000ad100000| Untracked 
| 722|0x00000000ad200000, 0x00000000ad200000, 0x00000000ad300000|  0%| F|  |TAMS 0x00000000ad200000, 0x00000000ad200000| Untracked 
| 723|0x00000000ad300000, 0x00000000ad300000, 0x00000000ad400000|  0%| F|  |TAMS 0x00000000ad300000, 0x00000000ad300000| Untracked 
| 724|0x00000000ad400000, 0x00000000ad400000, 0x00000000ad500000|  0%| F|  |TAMS 0x00000000ad400000, 0x00000000ad400000| Untracked 
| 725|0x00000000ad500000, 0x00000000ad500000, 0x00000000ad600000|  0%| F|  |TAMS 0x00000000ad500000, 0x00000000ad500000| Untracked 
| 726|0x00000000ad600000, 0x00000000ad600000, 0x00000000ad700000|  0%| F|  |TAMS 0x00000000ad600000, 0x00000000ad600000| Untracked 
| 727|0x00000000ad700000, 0x00000000ad700000, 0x00000000ad800000|  0%| F|  |TAMS 0x00000000ad700000, 0x00000000ad700000| Untracked 
| 728|0x00000000ad800000, 0x00000000ad800000, 0x00000000ad900000|  0%| F|  |TAMS 0x00000000ad800000, 0x00000000ad800000| Untracked 
| 729|0x00000000ad900000, 0x00000000ad900000, 0x00000000ada00000|  0%| F|  |TAMS 0x00000000ad900000, 0x00000000ad900000| Untracked 
| 730|0x00000000ada00000, 0x00000000ada00000, 0x00000000adb00000|  0%| F|  |TAMS 0x00000000ada00000, 0x00000000ada00000| Untracked 
| 731|0x00000000adb00000, 0x00000000adb00000, 0x00000000adc00000|  0%| F|  |TAMS 0x00000000adb00000, 0x00000000adb00000| Untracked 
| 732|0x00000000adc00000, 0x00000000adc00000, 0x00000000add00000|  0%| F|  |TAMS 0x00000000adc00000, 0x00000000adc00000| Untracked 
| 733|0x00000000add00000, 0x00000000add00000, 0x00000000ade00000|  0%| F|  |TAMS 0x00000000add00000, 0x00000000add00000| Untracked 
| 734|0x00000000ade00000, 0x00000000ade00000, 0x00000000adf00000|  0%| F|  |TAMS 0x00000000ade00000, 0x00000000ade00000| Untracked 
| 735|0x00000000adf00000, 0x00000000adf00000, 0x00000000ae000000|  0%| F|  |TAMS 0x00000000adf00000, 0x00000000adf00000| Untracked 
| 736|0x00000000ae000000, 0x00000000ae000000, 0x00000000ae100000|  0%| F|  |TAMS 0x00000000ae000000, 0x00000000ae000000| Untracked 
| 737|0x00000000ae100000, 0x00000000ae100000, 0x00000000ae200000|  0%| F|  |TAMS 0x00000000ae100000, 0x00000000ae100000| Untracked 
| 738|0x00000000ae200000, 0x00000000ae200000, 0x00000000ae300000|  0%| F|  |TAMS 0x00000000ae200000, 0x00000000ae200000| Untracked 
| 739|0x00000000ae300000, 0x00000000ae300000, 0x00000000ae400000|  0%| F|  |TAMS 0x00000000ae300000, 0x00000000ae300000| Untracked 
| 740|0x00000000ae400000, 0x00000000ae400000, 0x00000000ae500000|  0%| F|  |TAMS 0x00000000ae400000, 0x00000000ae400000| Untracked 
| 741|0x00000000ae500000, 0x00000000ae500000, 0x00000000ae600000|  0%| F|  |TAMS 0x00000000ae500000, 0x00000000ae500000| Untracked 
| 742|0x00000000ae600000, 0x00000000ae600000, 0x00000000ae700000|  0%| F|  |TAMS 0x00000000ae600000, 0x00000000ae600000| Untracked 
| 743|0x00000000ae700000, 0x00000000ae700000, 0x00000000ae800000|  0%| F|  |TAMS 0x00000000ae700000, 0x00000000ae700000| Untracked 
| 744|0x00000000ae800000, 0x00000000ae800000, 0x00000000ae900000|  0%| F|  |TAMS 0x00000000ae800000, 0x00000000ae800000| Untracked 
| 745|0x00000000ae900000, 0x00000000ae900000, 0x00000000aea00000|  0%| F|  |TAMS 0x00000000ae900000, 0x00000000ae900000| Untracked 
| 746|0x00000000aea00000, 0x00000000aea00000, 0x00000000aeb00000|  0%| F|  |TAMS 0x00000000aea00000, 0x00000000aea00000| Untracked 
| 747|0x00000000aeb00000, 0x00000000aeb00000, 0x00000000aec00000|  0%| F|  |TAMS 0x00000000aeb00000, 0x00000000aeb00000| Untracked 
| 748|0x00000000aec00000, 0x00000000aec00000, 0x00000000aed00000|  0%| F|  |TAMS 0x00000000aec00000, 0x00000000aec00000| Untracked 
| 749|0x00000000aed00000, 0x00000000aed00000, 0x00000000aee00000|  0%| F|  |TAMS 0x00000000aed00000, 0x00000000aed00000| Untracked 
| 750|0x00000000aee00000, 0x00000000aee00000, 0x00000000aef00000|  0%| F|  |TAMS 0x00000000aee00000, 0x00000000aee00000| Untracked 
| 751|0x00000000aef00000, 0x00000000aef00000, 0x00000000af000000|  0%| F|  |TAMS 0x00000000aef00000, 0x00000000aef00000| Untracked 
| 752|0x00000000af000000, 0x00000000af000000, 0x00000000af100000|  0%| F|  |TAMS 0x00000000af000000, 0x00000000af000000| Untracked 
| 753|0x00000000af100000, 0x00000000af100000, 0x00000000af200000|  0%| F|  |TAMS 0x00000000af100000, 0x00000000af100000| Untracked 
| 754|0x00000000af200000, 0x00000000af200000, 0x00000000af300000|  0%| F|  |TAMS 0x00000000af200000, 0x00000000af200000| Untracked 
| 755|0x00000000af300000, 0x00000000af300000, 0x00000000af400000|  0%| F|  |TAMS 0x00000000af300000, 0x00000000af300000| Untracked 
| 756|0x00000000af400000, 0x00000000af400000, 0x00000000af500000|  0%| F|  |TAMS 0x00000000af400000, 0x00000000af400000| Untracked 
| 757|0x00000000af500000, 0x00000000af500000, 0x00000000af600000|  0%| F|  |TAMS 0x00000000af500000, 0x00000000af500000| Untracked 
| 758|0x00000000af600000, 0x00000000af600000, 0x00000000af700000|  0%| F|  |TAMS 0x00000000af600000, 0x00000000af600000| Untracked 
| 759|0x00000000af700000, 0x00000000af700000, 0x00000000af800000|  0%| F|  |TAMS 0x00000000af700000, 0x00000000af700000| Untracked 
| 760|0x00000000af800000, 0x00000000af800000, 0x00000000af900000|  0%| F|  |TAMS 0x00000000af800000, 0x00000000af800000| Untracked 
| 761|0x00000000af900000, 0x00000000af900000, 0x00000000afa00000|  0%| F|  |TAMS 0x00000000af900000, 0x00000000af900000| Untracked 
| 762|0x00000000afa00000, 0x00000000afa00000, 0x00000000afb00000|  0%| F|  |TAMS 0x00000000afa00000, 0x00000000afa00000| Untracked 
| 763|0x00000000afb00000, 0x00000000afb00000, 0x00000000afc00000|  0%| F|  |TAMS 0x00000000afb00000, 0x00000000afb00000| Untracked 
| 764|0x00000000afc00000, 0x00000000afc00000, 0x00000000afd00000|  0%| F|  |TAMS 0x00000000afc00000, 0x00000000afc00000| Untracked 
| 765|0x00000000afd00000, 0x00000000afd00000, 0x00000000afe00000|  0%| F|  |TAMS 0x00000000afd00000, 0x00000000afd00000| Untracked 
| 766|0x00000000afe00000, 0x00000000afe00000, 0x00000000aff00000|  0%| F|  |TAMS 0x00000000afe00000, 0x00000000afe00000| Untracked 
| 767|0x00000000aff00000, 0x00000000aff00000, 0x00000000b0000000|  0%| F|  |TAMS 0x00000000aff00000, 0x00000000aff00000| Untracked 
| 768|0x00000000b0000000, 0x00000000b0000000, 0x00000000b0100000|  0%| F|  |TAMS 0x00000000b0000000, 0x00000000b0000000| Untracked 
| 769|0x00000000b0100000, 0x00000000b0100000, 0x00000000b0200000|  0%| F|  |TAMS 0x00000000b0100000, 0x00000000b0100000| Untracked 
| 770|0x00000000b0200000, 0x00000000b0200000, 0x00000000b0300000|  0%| F|  |TAMS 0x00000000b0200000, 0x00000000b0200000| Untracked 
| 771|0x00000000b0300000, 0x00000000b0300000, 0x00000000b0400000|  0%| F|  |TAMS 0x00000000b0300000, 0x00000000b0300000| Untracked 
| 772|0x00000000b0400000, 0x00000000b0400000, 0x00000000b0500000|  0%| F|  |TAMS 0x00000000b0400000, 0x00000000b0400000| Untracked 
| 773|0x00000000b0500000, 0x00000000b0500000, 0x00000000b0600000|  0%| F|  |TAMS 0x00000000b0500000, 0x00000000b0500000| Untracked 
| 774|0x00000000b0600000, 0x00000000b0600000, 0x00000000b0700000|  0%| F|  |TAMS 0x00000000b0600000, 0x00000000b0600000| Untracked 
| 775|0x00000000b0700000, 0x00000000b0700000, 0x00000000b0800000|  0%| F|  |TAMS 0x00000000b0700000, 0x00000000b0700000| Untracked 
| 776|0x00000000b0800000, 0x00000000b0800000, 0x00000000b0900000|  0%| F|  |TAMS 0x00000000b0800000, 0x00000000b0800000| Untracked 
| 777|0x00000000b0900000, 0x00000000b0900000, 0x00000000b0a00000|  0%| F|  |TAMS 0x00000000b0900000, 0x00000000b0900000| Untracked 
| 778|0x00000000b0a00000, 0x00000000b0a00000, 0x00000000b0b00000|  0%| F|  |TAMS 0x00000000b0a00000, 0x00000000b0a00000| Untracked 
| 779|0x00000000b0b00000, 0x00000000b0b00000, 0x00000000b0c00000|  0%| F|  |TAMS 0x00000000b0b00000, 0x00000000b0b00000| Untracked 
| 780|0x00000000b0c00000, 0x00000000b0c00000, 0x00000000b0d00000|  0%| F|  |TAMS 0x00000000b0c00000, 0x00000000b0c00000| Untracked 
| 781|0x00000000b0d00000, 0x00000000b0d00000, 0x00000000b0e00000|  0%| F|  |TAMS 0x00000000b0d00000, 0x00000000b0d00000| Untracked 
| 782|0x00000000b0e00000, 0x00000000b0e00000, 0x00000000b0f00000|  0%| F|  |TAMS 0x00000000b0e00000, 0x00000000b0e00000| Untracked 
| 783|0x00000000b0f00000, 0x00000000b0f00000, 0x00000000b1000000|  0%| F|  |TAMS 0x00000000b0f00000, 0x00000000b0f00000| Untracked 
| 784|0x00000000b1000000, 0x00000000b1000000, 0x00000000b1100000|  0%| F|  |TAMS 0x00000000b1000000, 0x00000000b1000000| Untracked 
| 785|0x00000000b1100000, 0x00000000b1100000, 0x00000000b1200000|  0%| F|  |TAMS 0x00000000b1100000, 0x00000000b1100000| Untracked 
| 786|0x00000000b1200000, 0x00000000b1200000, 0x00000000b1300000|  0%| F|  |TAMS 0x00000000b1200000, 0x00000000b1200000| Untracked 
| 787|0x00000000b1300000, 0x00000000b1300000, 0x00000000b1400000|  0%| F|  |TAMS 0x00000000b1300000, 0x00000000b1300000| Untracked 
| 788|0x00000000b1400000, 0x00000000b1400000, 0x00000000b1500000|  0%| F|  |TAMS 0x00000000b1400000, 0x00000000b1400000| Untracked 
| 789|0x00000000b1500000, 0x00000000b1500000, 0x00000000b1600000|  0%| F|  |TAMS 0x00000000b1500000, 0x00000000b1500000| Untracked 
| 790|0x00000000b1600000, 0x00000000b1600000, 0x00000000b1700000|  0%| F|  |TAMS 0x00000000b1600000, 0x00000000b1600000| Untracked 
| 791|0x00000000b1700000, 0x00000000b1700000, 0x00000000b1800000|  0%| F|  |TAMS 0x00000000b1700000, 0x00000000b1700000| Untracked 
| 792|0x00000000b1800000, 0x00000000b1800000, 0x00000000b1900000|  0%| F|  |TAMS 0x00000000b1800000, 0x00000000b1800000| Untracked 
| 793|0x00000000b1900000, 0x00000000b1900000, 0x00000000b1a00000|  0%| F|  |TAMS 0x00000000b1900000, 0x00000000b1900000| Untracked 
| 794|0x00000000b1a00000, 0x00000000b1a00000, 0x00000000b1b00000|  0%| F|  |TAMS 0x00000000b1a00000, 0x00000000b1a00000| Untracked 
| 795|0x00000000b1b00000, 0x00000000b1b00000, 0x00000000b1c00000|  0%| F|  |TAMS 0x00000000b1b00000, 0x00000000b1b00000| Untracked 
| 796|0x00000000b1c00000, 0x00000000b1c00000, 0x00000000b1d00000|  0%| F|  |TAMS 0x00000000b1c00000, 0x00000000b1c00000| Untracked 
| 797|0x00000000b1d00000, 0x00000000b1d00000, 0x00000000b1e00000|  0%| F|  |TAMS 0x00000000b1d00000, 0x00000000b1d00000| Untracked 
| 798|0x00000000b1e00000, 0x00000000b1e00000, 0x00000000b1f00000|  0%| F|  |TAMS 0x00000000b1e00000, 0x00000000b1e00000| Untracked 
| 799|0x00000000b1f00000, 0x00000000b1f00000, 0x00000000b2000000|  0%| F|  |TAMS 0x00000000b1f00000, 0x00000000b1f00000| Untracked 
| 800|0x00000000b2000000, 0x00000000b2000000, 0x00000000b2100000|  0%| F|  |TAMS 0x00000000b2000000, 0x00000000b2000000| Untracked 
| 801|0x00000000b2100000, 0x00000000b2100000, 0x00000000b2200000|  0%| F|  |TAMS 0x00000000b2100000, 0x00000000b2100000| Untracked 
| 802|0x00000000b2200000, 0x00000000b2200000, 0x00000000b2300000|  0%| F|  |TAMS 0x00000000b2200000, 0x00000000b2200000| Untracked 
| 803|0x00000000b2300000, 0x00000000b2300000, 0x00000000b2400000|  0%| F|  |TAMS 0x00000000b2300000, 0x00000000b2300000| Untracked 
| 804|0x00000000b2400000, 0x00000000b2400000, 0x00000000b2500000|  0%| F|  |TAMS 0x00000000b2400000, 0x00000000b2400000| Untracked 
| 805|0x00000000b2500000, 0x00000000b2500000, 0x00000000b2600000|  0%| F|  |TAMS 0x00000000b2500000, 0x00000000b2500000| Untracked 
| 806|0x00000000b2600000, 0x00000000b2600000, 0x00000000b2700000|  0%| F|  |TAMS 0x00000000b2600000, 0x00000000b2600000| Untracked 
| 807|0x00000000b2700000, 0x00000000b2700000, 0x00000000b2800000|  0%| F|  |TAMS 0x00000000b2700000, 0x00000000b2700000| Untracked 
| 808|0x00000000b2800000, 0x00000000b2800000, 0x00000000b2900000|  0%| F|  |TAMS 0x00000000b2800000, 0x00000000b2800000| Untracked 
| 809|0x00000000b2900000, 0x00000000b2900000, 0x00000000b2a00000|  0%| F|  |TAMS 0x00000000b2900000, 0x00000000b2900000| Untracked 
| 810|0x00000000b2a00000, 0x00000000b2a00000, 0x00000000b2b00000|  0%| F|  |TAMS 0x00000000b2a00000, 0x00000000b2a00000| Untracked 
| 811|0x00000000b2b00000, 0x00000000b2b00000, 0x00000000b2c00000|  0%| F|  |TAMS 0x00000000b2b00000, 0x00000000b2b00000| Untracked 
| 812|0x00000000b2c00000, 0x00000000b2c00000, 0x00000000b2d00000|  0%| F|  |TAMS 0x00000000b2c00000, 0x00000000b2c00000| Untracked 
| 813|0x00000000b2d00000, 0x00000000b2d00000, 0x00000000b2e00000|  0%| F|  |TAMS 0x00000000b2d00000, 0x00000000b2d00000| Untracked 
| 814|0x00000000b2e00000, 0x00000000b2e00000, 0x00000000b2f00000|  0%| F|  |TAMS 0x00000000b2e00000, 0x00000000b2e00000| Untracked 
| 815|0x00000000b2f00000, 0x00000000b2f00000, 0x00000000b3000000|  0%| F|  |TAMS 0x00000000b2f00000, 0x00000000b2f00000| Untracked 
| 816|0x00000000b3000000, 0x00000000b3000000, 0x00000000b3100000|  0%| F|  |TAMS 0x00000000b3000000, 0x00000000b3000000| Untracked 
| 817|0x00000000b3100000, 0x00000000b3100000, 0x00000000b3200000|  0%| F|  |TAMS 0x00000000b3100000, 0x00000000b3100000| Untracked 
| 818|0x00000000b3200000, 0x00000000b3200000, 0x00000000b3300000|  0%| F|  |TAMS 0x00000000b3200000, 0x00000000b3200000| Untracked 
| 819|0x00000000b3300000, 0x00000000b3300000, 0x00000000b3400000|  0%| F|  |TAMS 0x00000000b3300000, 0x00000000b3300000| Untracked 
| 820|0x00000000b3400000, 0x00000000b3400000, 0x00000000b3500000|  0%| F|  |TAMS 0x00000000b3400000, 0x00000000b3400000| Untracked 
| 821|0x00000000b3500000, 0x00000000b3500000, 0x00000000b3600000|  0%| F|  |TAMS 0x00000000b3500000, 0x00000000b3500000| Untracked 
| 822|0x00000000b3600000, 0x00000000b3600000, 0x00000000b3700000|  0%| F|  |TAMS 0x00000000b3600000, 0x00000000b3600000| Untracked 
| 823|0x00000000b3700000, 0x00000000b3700000, 0x00000000b3800000|  0%| F|  |TAMS 0x00000000b3700000, 0x00000000b3700000| Untracked 
| 824|0x00000000b3800000, 0x00000000b3800000, 0x00000000b3900000|  0%| F|  |TAMS 0x00000000b3800000, 0x00000000b3800000| Untracked 
| 825|0x00000000b3900000, 0x00000000b3900000, 0x00000000b3a00000|  0%| F|  |TAMS 0x00000000b3900000, 0x00000000b3900000| Untracked 
| 826|0x00000000b3a00000, 0x00000000b3a00000, 0x00000000b3b00000|  0%| F|  |TAMS 0x00000000b3a00000, 0x00000000b3a00000| Untracked 
| 827|0x00000000b3b00000, 0x00000000b3b00000, 0x00000000b3c00000|  0%| F|  |TAMS 0x00000000b3b00000, 0x00000000b3b00000| Untracked 
| 828|0x00000000b3c00000, 0x00000000b3c00000, 0x00000000b3d00000|  0%| F|  |TAMS 0x00000000b3c00000, 0x00000000b3c00000| Untracked 
| 829|0x00000000b3d00000, 0x00000000b3d00000, 0x00000000b3e00000|  0%| F|  |TAMS 0x00000000b3d00000, 0x00000000b3d00000| Untracked 
| 830|0x00000000b3e00000, 0x00000000b3e00000, 0x00000000b3f00000|  0%| F|  |TAMS 0x00000000b3e00000, 0x00000000b3e00000| Untracked 
| 831|0x00000000b3f00000, 0x00000000b3f00000, 0x00000000b4000000|  0%| F|  |TAMS 0x00000000b3f00000, 0x00000000b3f00000| Untracked 
| 832|0x00000000b4000000, 0x00000000b4000000, 0x00000000b4100000|  0%| F|  |TAMS 0x00000000b4000000, 0x00000000b4000000| Untracked 
| 833|0x00000000b4100000, 0x00000000b4100000, 0x00000000b4200000|  0%| F|  |TAMS 0x00000000b4100000, 0x00000000b4100000| Untracked 
| 834|0x00000000b4200000, 0x00000000b4200000, 0x00000000b4300000|  0%| F|  |TAMS 0x00000000b4200000, 0x00000000b4200000| Untracked 
| 835|0x00000000b4300000, 0x00000000b4300000, 0x00000000b4400000|  0%| F|  |TAMS 0x00000000b4300000, 0x00000000b4300000| Untracked 
| 836|0x00000000b4400000, 0x00000000b4400000, 0x00000000b4500000|  0%| F|  |TAMS 0x00000000b4400000, 0x00000000b4400000| Untracked 
| 837|0x00000000b4500000, 0x00000000b4500000, 0x00000000b4600000|  0%| F|  |TAMS 0x00000000b4500000, 0x00000000b4500000| Untracked 
| 838|0x00000000b4600000, 0x00000000b4600000, 0x00000000b4700000|  0%| F|  |TAMS 0x00000000b4600000, 0x00000000b4600000| Untracked 
| 839|0x00000000b4700000, 0x00000000b4700000, 0x00000000b4800000|  0%| F|  |TAMS 0x00000000b4700000, 0x00000000b4700000| Untracked 
| 840|0x00000000b4800000, 0x00000000b4800000, 0x00000000b4900000|  0%| F|  |TAMS 0x00000000b4800000, 0x00000000b4800000| Untracked 
| 841|0x00000000b4900000, 0x00000000b4900000, 0x00000000b4a00000|  0%| F|  |TAMS 0x00000000b4900000, 0x00000000b4900000| Untracked 
| 842|0x00000000b4a00000, 0x00000000b4a00000, 0x00000000b4b00000|  0%| F|  |TAMS 0x00000000b4a00000, 0x00000000b4a00000| Untracked 
| 843|0x00000000b4b00000, 0x00000000b4b00000, 0x00000000b4c00000|  0%| F|  |TAMS 0x00000000b4b00000, 0x00000000b4b00000| Untracked 
| 844|0x00000000b4c00000, 0x00000000b4c00000, 0x00000000b4d00000|  0%| F|  |TAMS 0x00000000b4c00000, 0x00000000b4c00000| Untracked 
| 845|0x00000000b4d00000, 0x00000000b4d00000, 0x00000000b4e00000|  0%| F|  |TAMS 0x00000000b4d00000, 0x00000000b4d00000| Untracked 
| 846|0x00000000b4e00000, 0x00000000b4e00000, 0x00000000b4f00000|  0%| F|  |TAMS 0x00000000b4e00000, 0x00000000b4e00000| Untracked 
| 847|0x00000000b4f00000, 0x00000000b4f00000, 0x00000000b5000000|  0%| F|  |TAMS 0x00000000b4f00000, 0x00000000b4f00000| Untracked 
| 848|0x00000000b5000000, 0x00000000b5000000, 0x00000000b5100000|  0%| F|  |TAMS 0x00000000b5000000, 0x00000000b5000000| Untracked 
| 849|0x00000000b5100000, 0x00000000b5100000, 0x00000000b5200000|  0%| F|  |TAMS 0x00000000b5100000, 0x00000000b5100000| Untracked 
| 850|0x00000000b5200000, 0x00000000b5200000, 0x00000000b5300000|  0%| F|  |TAMS 0x00000000b5200000, 0x00000000b5200000| Untracked 
| 851|0x00000000b5300000, 0x00000000b5300000, 0x00000000b5400000|  0%| F|  |TAMS 0x00000000b5300000, 0x00000000b5300000| Untracked 
| 852|0x00000000b5400000, 0x00000000b5400000, 0x00000000b5500000|  0%| F|  |TAMS 0x00000000b5400000, 0x00000000b5400000| Untracked 
| 853|0x00000000b5500000, 0x00000000b5500000, 0x00000000b5600000|  0%| F|  |TAMS 0x00000000b5500000, 0x00000000b5500000| Untracked 
| 854|0x00000000b5600000, 0x00000000b5600000, 0x00000000b5700000|  0%| F|  |TAMS 0x00000000b5600000, 0x00000000b5600000| Untracked 
| 855|0x00000000b5700000, 0x00000000b5700000, 0x00000000b5800000|  0%| F|  |TAMS 0x00000000b5700000, 0x00000000b5700000| Untracked 
| 856|0x00000000b5800000, 0x00000000b5800000, 0x00000000b5900000|  0%| F|  |TAMS 0x00000000b5800000, 0x00000000b5800000| Untracked 
| 857|0x00000000b5900000, 0x00000000b5900000, 0x00000000b5a00000|  0%| F|  |TAMS 0x00000000b5900000, 0x00000000b5900000| Untracked 
| 858|0x00000000b5a00000, 0x00000000b5a00000, 0x00000000b5b00000|  0%| F|  |TAMS 0x00000000b5a00000, 0x00000000b5a00000| Untracked 
| 859|0x00000000b5b00000, 0x00000000b5b00000, 0x00000000b5c00000|  0%| F|  |TAMS 0x00000000b5b00000, 0x00000000b5b00000| Untracked 
| 860|0x00000000b5c00000, 0x00000000b5c00000, 0x00000000b5d00000|  0%| F|  |TAMS 0x00000000b5c00000, 0x00000000b5c00000| Untracked 
| 861|0x00000000b5d00000, 0x00000000b5da34b0, 0x00000000b5e00000| 63%| S|CS|TAMS 0x00000000b5d00000, 0x00000000b5d00000| Complete 
| 862|0x00000000b5e00000, 0x00000000b5f00000, 0x00000000b5f00000|100%| S|CS|TAMS 0x00000000b5e00000, 0x00000000b5e00000| Complete 
| 863|0x00000000b5f00000, 0x00000000b6000000, 0x00000000b6000000|100%| S|CS|TAMS 0x00000000b5f00000, 0x00000000b5f00000| Complete 
| 864|0x00000000b6000000, 0x00000000b6100000, 0x00000000b6100000|100%| S|CS|TAMS 0x00000000b6000000, 0x00000000b6000000| Complete 
| 865|0x00000000b6100000, 0x00000000b6200000, 0x00000000b6200000|100%| S|CS|TAMS 0x00000000b6100000, 0x00000000b6100000| Complete 
| 866|0x00000000b6200000, 0x00000000b6300000, 0x00000000b6300000|100%| S|CS|TAMS 0x00000000b6200000, 0x00000000b6200000| Complete 
| 867|0x00000000b6300000, 0x00000000b6400000, 0x00000000b6400000|100%| S|CS|TAMS 0x00000000b6300000, 0x00000000b6300000| Complete 
| 868|0x00000000b6400000, 0x00000000b6500000, 0x00000000b6500000|100%| S|CS|TAMS 0x00000000b6400000, 0x00000000b6400000| Complete 
| 869|0x00000000b6500000, 0x00000000b6600000, 0x00000000b6600000|100%| S|CS|TAMS 0x00000000b6500000, 0x00000000b6500000| Complete 
| 870|0x00000000b6600000, 0x00000000b6700000, 0x00000000b6700000|100%| S|CS|TAMS 0x00000000b6600000, 0x00000000b6600000| Complete 
| 871|0x00000000b6700000, 0x00000000b6800000, 0x00000000b6800000|100%| S|CS|TAMS 0x00000000b6700000, 0x00000000b6700000| Complete 
| 872|0x00000000b6800000, 0x00000000b6900000, 0x00000000b6900000|100%| S|CS|TAMS 0x00000000b6800000, 0x00000000b6800000| Complete 
| 873|0x00000000b6900000, 0x00000000b6a00000, 0x00000000b6a00000|100%| S|CS|TAMS 0x00000000b6900000, 0x00000000b6900000| Complete 
| 874|0x00000000b6a00000, 0x00000000b6b00000, 0x00000000b6b00000|100%| S|CS|TAMS 0x00000000b6a00000, 0x00000000b6a00000| Complete 
| 875|0x00000000b6b00000, 0x00000000b6c00000, 0x00000000b6c00000|100%| S|CS|TAMS 0x00000000b6b00000, 0x00000000b6b00000| Complete 
| 876|0x00000000b6c00000, 0x00000000b6d00000, 0x00000000b6d00000|100%| S|CS|TAMS 0x00000000b6c00000, 0x00000000b6c00000| Complete 
| 877|0x00000000b6d00000, 0x00000000b6e00000, 0x00000000b6e00000|100%| S|CS|TAMS 0x00000000b6d00000, 0x00000000b6d00000| Complete 
| 878|0x00000000b6e00000, 0x00000000b6f00000, 0x00000000b6f00000|100%| S|CS|TAMS 0x00000000b6e00000, 0x00000000b6e00000| Complete 
| 879|0x00000000b6f00000, 0x00000000b7000000, 0x00000000b7000000|100%| S|CS|TAMS 0x00000000b6f00000, 0x00000000b6f00000| Complete 
| 880|0x00000000b7000000, 0x00000000b7100000, 0x00000000b7100000|100%| S|CS|TAMS 0x00000000b7000000, 0x00000000b7000000| Complete 
| 881|0x00000000b7100000, 0x00000000b7200000, 0x00000000b7200000|100%| S|CS|TAMS 0x00000000b7100000, 0x00000000b7100000| Complete 
| 882|0x00000000b7200000, 0x00000000b7300000, 0x00000000b7300000|100%| S|CS|TAMS 0x00000000b7200000, 0x00000000b7200000| Complete 
| 883|0x00000000b7300000, 0x00000000b7400000, 0x00000000b7400000|100%| S|CS|TAMS 0x00000000b7300000, 0x00000000b7300000| Complete 
| 884|0x00000000b7400000, 0x00000000b7500000, 0x00000000b7500000|100%| S|CS|TAMS 0x00000000b7400000, 0x00000000b7400000| Complete 
| 885|0x00000000b7500000, 0x00000000b7500000, 0x00000000b7600000|  0%| F|  |TAMS 0x00000000b7500000, 0x00000000b7500000| Untracked 
| 886|0x00000000b7600000, 0x00000000b7600000, 0x00000000b7700000|  0%| F|  |TAMS 0x00000000b7600000, 0x00000000b7600000| Untracked 
| 887|0x00000000b7700000, 0x00000000b7700000, 0x00000000b7800000|  0%| F|  |TAMS 0x00000000b7700000, 0x00000000b7700000| Untracked 
| 888|0x00000000b7800000, 0x00000000b7800000, 0x00000000b7900000|  0%| F|  |TAMS 0x00000000b7800000, 0x00000000b7800000| Untracked 
| 889|0x00000000b7900000, 0x00000000b7900000, 0x00000000b7a00000|  0%| F|  |TAMS 0x00000000b7900000, 0x00000000b7900000| Untracked 
| 890|0x00000000b7a00000, 0x00000000b7a00000, 0x00000000b7b00000|  0%| F|  |TAMS 0x00000000b7a00000, 0x00000000b7a00000| Untracked 
| 891|0x00000000b7b00000, 0x00000000b7b00000, 0x00000000b7c00000|  0%| F|  |TAMS 0x00000000b7b00000, 0x00000000b7b00000| Untracked 
| 892|0x00000000b7c00000, 0x00000000b7c00000, 0x00000000b7d00000|  0%| F|  |TAMS 0x00000000b7c00000, 0x00000000b7c00000| Untracked 
| 893|0x00000000b7d00000, 0x00000000b7d00000, 0x00000000b7e00000|  0%| F|  |TAMS 0x00000000b7d00000, 0x00000000b7d00000| Untracked 
| 894|0x00000000b7e00000, 0x00000000b7e00000, 0x00000000b7f00000|  0%| F|  |TAMS 0x00000000b7e00000, 0x00000000b7e00000| Untracked 
| 895|0x00000000b7f00000, 0x00000000b7f00000, 0x00000000b8000000|  0%| F|  |TAMS 0x00000000b7f00000, 0x00000000b7f00000| Untracked 
| 896|0x00000000b8000000, 0x00000000b8000000, 0x00000000b8100000|  0%| F|  |TAMS 0x00000000b8000000, 0x00000000b8000000| Untracked 
| 897|0x00000000b8100000, 0x00000000b8100000, 0x00000000b8200000|  0%| F|  |TAMS 0x00000000b8100000, 0x00000000b8100000| Untracked 
| 898|0x00000000b8200000, 0x00000000b82f2160, 0x00000000b8300000| 94%| E|  |TAMS 0x00000000b8200000, 0x00000000b8200000| Complete 
| 899|0x00000000b8300000, 0x00000000b8400000, 0x00000000b8400000|100%| E|CS|TAMS 0x00000000b8300000, 0x00000000b8300000| Complete 
| 900|0x00000000b8400000, 0x00000000b8500000, 0x00000000b8500000|100%| E|CS|TAMS 0x00000000b8400000, 0x00000000b8400000| Complete 
| 901|0x00000000b8500000, 0x00000000b8600000, 0x00000000b8600000|100%| E|CS|TAMS 0x00000000b8500000, 0x00000000b8500000| Complete 
| 902|0x00000000b8600000, 0x00000000b8700000, 0x00000000b8700000|100%| E|CS|TAMS 0x00000000b8600000, 0x00000000b8600000| Complete 
| 903|0x00000000b8700000, 0x00000000b8800000, 0x00000000b8800000|100%| E|CS|TAMS 0x00000000b8700000, 0x00000000b8700000| Complete 
| 904|0x00000000b8800000, 0x00000000b8900000, 0x00000000b8900000|100%| E|CS|TAMS 0x00000000b8800000, 0x00000000b8800000| Complete 
| 905|0x00000000b8900000, 0x00000000b8a00000, 0x00000000b8a00000|100%| E|CS|TAMS 0x00000000b8900000, 0x00000000b8900000| Complete 
| 906|0x00000000b8a00000, 0x00000000b8b00000, 0x00000000b8b00000|100%| E|CS|TAMS 0x00000000b8a00000, 0x00000000b8a00000| Complete 
| 907|0x00000000b8b00000, 0x00000000b8c00000, 0x00000000b8c00000|100%| E|CS|TAMS 0x00000000b8b00000, 0x00000000b8b00000| Complete 
| 908|0x00000000b8c00000, 0x00000000b8d00000, 0x00000000b8d00000|100%| E|CS|TAMS 0x00000000b8c00000, 0x00000000b8c00000| Complete 
| 909|0x00000000b8d00000, 0x00000000b8e00000, 0x00000000b8e00000|100%| E|CS|TAMS 0x00000000b8d00000, 0x00000000b8d00000| Complete 
| 910|0x00000000b8e00000, 0x00000000b8f00000, 0x00000000b8f00000|100%| E|CS|TAMS 0x00000000b8e00000, 0x00000000b8e00000| Complete 
| 911|0x00000000b8f00000, 0x00000000b9000000, 0x00000000b9000000|100%| E|CS|TAMS 0x00000000b8f00000, 0x00000000b8f00000| Complete 
| 912|0x00000000b9000000, 0x00000000b9100000, 0x00000000b9100000|100%| E|CS|TAMS 0x00000000b9000000, 0x00000000b9000000| Complete 
| 913|0x00000000b9100000, 0x00000000b9200000, 0x00000000b9200000|100%| E|CS|TAMS 0x00000000b9100000, 0x00000000b9100000| Complete 
| 914|0x00000000b9200000, 0x00000000b9300000, 0x00000000b9300000|100%| E|CS|TAMS 0x00000000b9200000, 0x00000000b9200000| Complete 
| 915|0x00000000b9300000, 0x00000000b9400000, 0x00000000b9400000|100%| E|CS|TAMS 0x00000000b9300000, 0x00000000b9300000| Complete 
| 916|0x00000000b9400000, 0x00000000b9500000, 0x00000000b9500000|100%| E|CS|TAMS 0x00000000b9400000, 0x00000000b9400000| Complete 
| 917|0x00000000b9500000, 0x00000000b9600000, 0x00000000b9600000|100%| E|CS|TAMS 0x00000000b9500000, 0x00000000b9500000| Complete 
| 918|0x00000000b9600000, 0x00000000b9700000, 0x00000000b9700000|100%| E|CS|TAMS 0x00000000b9600000, 0x00000000b9600000| Complete 
| 919|0x00000000b9700000, 0x00000000b9800000, 0x00000000b9800000|100%| E|CS|TAMS 0x00000000b9700000, 0x00000000b9700000| Complete 
| 920|0x00000000b9800000, 0x00000000b9900000, 0x00000000b9900000|100%| E|CS|TAMS 0x00000000b9800000, 0x00000000b9800000| Complete 
| 921|0x00000000b9900000, 0x00000000b9a00000, 0x00000000b9a00000|100%| E|CS|TAMS 0x00000000b9900000, 0x00000000b9900000| Complete 
| 922|0x00000000b9a00000, 0x00000000b9b00000, 0x00000000b9b00000|100%| E|CS|TAMS 0x00000000b9a00000, 0x00000000b9a00000| Complete 
| 923|0x00000000b9b00000, 0x00000000b9c00000, 0x00000000b9c00000|100%| E|CS|TAMS 0x00000000b9b00000, 0x00000000b9b00000| Complete 
| 924|0x00000000b9c00000, 0x00000000b9d00000, 0x00000000b9d00000|100%| E|CS|TAMS 0x00000000b9c00000, 0x00000000b9c00000| Complete 
| 925|0x00000000b9d00000, 0x00000000b9e00000, 0x00000000b9e00000|100%| E|CS|TAMS 0x00000000b9d00000, 0x00000000b9d00000| Complete 
| 926|0x00000000b9e00000, 0x00000000b9f00000, 0x00000000b9f00000|100%| E|CS|TAMS 0x00000000b9e00000, 0x00000000b9e00000| Complete 
| 927|0x00000000b9f00000, 0x00000000ba000000, 0x00000000ba000000|100%| E|CS|TAMS 0x00000000b9f00000, 0x00000000b9f00000| Complete 
| 928|0x00000000ba000000, 0x00000000ba100000, 0x00000000ba100000|100%| E|CS|TAMS 0x00000000ba000000, 0x00000000ba000000| Complete 
| 929|0x00000000ba100000, 0x00000000ba200000, 0x00000000ba200000|100%| E|CS|TAMS 0x00000000ba100000, 0x00000000ba100000| Complete 
| 930|0x00000000ba200000, 0x00000000ba300000, 0x00000000ba300000|100%| E|CS|TAMS 0x00000000ba200000, 0x00000000ba200000| Complete 
| 931|0x00000000ba300000, 0x00000000ba400000, 0x00000000ba400000|100%| E|CS|TAMS 0x00000000ba300000, 0x00000000ba300000| Complete 
| 932|0x00000000ba400000, 0x00000000ba500000, 0x00000000ba500000|100%| E|CS|TAMS 0x00000000ba400000, 0x00000000ba400000| Complete 
| 933|0x00000000ba500000, 0x00000000ba600000, 0x00000000ba600000|100%| E|CS|TAMS 0x00000000ba500000, 0x00000000ba500000| Complete 
| 934|0x00000000ba600000, 0x00000000ba700000, 0x00000000ba700000|100%| E|CS|TAMS 0x00000000ba600000, 0x00000000ba600000| Complete 
| 935|0x00000000ba700000, 0x00000000ba800000, 0x00000000ba800000|100%| E|CS|TAMS 0x00000000ba700000, 0x00000000ba700000| Complete 
| 936|0x00000000ba800000, 0x00000000ba900000, 0x00000000ba900000|100%| E|CS|TAMS 0x00000000ba800000, 0x00000000ba800000| Complete 
| 937|0x00000000ba900000, 0x00000000baa00000, 0x00000000baa00000|100%| E|CS|TAMS 0x00000000ba900000, 0x00000000ba900000| Complete 
| 938|0x00000000baa00000, 0x00000000bab00000, 0x00000000bab00000|100%| E|CS|TAMS 0x00000000baa00000, 0x00000000baa00000| Complete 
| 939|0x00000000bab00000, 0x00000000bac00000, 0x00000000bac00000|100%| E|CS|TAMS 0x00000000bab00000, 0x00000000bab00000| Complete 
| 940|0x00000000bac00000, 0x00000000bad00000, 0x00000000bad00000|100%| E|CS|TAMS 0x00000000bac00000, 0x00000000bac00000| Complete 
| 941|0x00000000bad00000, 0x00000000bae00000, 0x00000000bae00000|100%| E|CS|TAMS 0x00000000bad00000, 0x00000000bad00000| Complete 
| 942|0x00000000bae00000, 0x00000000baf00000, 0x00000000baf00000|100%| E|CS|TAMS 0x00000000bae00000, 0x00000000bae00000| Complete 
| 943|0x00000000baf00000, 0x00000000bb000000, 0x00000000bb000000|100%| E|CS|TAMS 0x00000000baf00000, 0x00000000baf00000| Complete 
| 944|0x00000000bb000000, 0x00000000bb100000, 0x00000000bb100000|100%| E|CS|TAMS 0x00000000bb000000, 0x00000000bb000000| Complete 
| 945|0x00000000bb100000, 0x00000000bb200000, 0x00000000bb200000|100%| E|CS|TAMS 0x00000000bb100000, 0x00000000bb100000| Complete 
| 946|0x00000000bb200000, 0x00000000bb300000, 0x00000000bb300000|100%| E|CS|TAMS 0x00000000bb200000, 0x00000000bb200000| Complete 
| 947|0x00000000bb300000, 0x00000000bb400000, 0x00000000bb400000|100%| E|CS|TAMS 0x00000000bb300000, 0x00000000bb300000| Complete 
| 948|0x00000000bb400000, 0x00000000bb500000, 0x00000000bb500000|100%| E|CS|TAMS 0x00000000bb400000, 0x00000000bb400000| Complete 
| 949|0x00000000bb500000, 0x00000000bb600000, 0x00000000bb600000|100%| E|CS|TAMS 0x00000000bb500000, 0x00000000bb500000| Complete 
| 950|0x00000000bb600000, 0x00000000bb700000, 0x00000000bb700000|100%| E|CS|TAMS 0x00000000bb600000, 0x00000000bb600000| Complete 
| 951|0x00000000bb700000, 0x00000000bb800000, 0x00000000bb800000|100%| E|CS|TAMS 0x00000000bb700000, 0x00000000bb700000| Complete 
| 952|0x00000000bb800000, 0x00000000bb900000, 0x00000000bb900000|100%| E|CS|TAMS 0x00000000bb800000, 0x00000000bb800000| Complete 
| 953|0x00000000bb900000, 0x00000000bba00000, 0x00000000bba00000|100%| E|CS|TAMS 0x00000000bb900000, 0x00000000bb900000| Complete 
| 954|0x00000000bba00000, 0x00000000bbb00000, 0x00000000bbb00000|100%| E|CS|TAMS 0x00000000bba00000, 0x00000000bba00000| Complete 
| 955|0x00000000bbb00000, 0x00000000bbc00000, 0x00000000bbc00000|100%| E|CS|TAMS 0x00000000bbb00000, 0x00000000bbb00000| Complete 
| 956|0x00000000bbc00000, 0x00000000bbd00000, 0x00000000bbd00000|100%| E|CS|TAMS 0x00000000bbc00000, 0x00000000bbc00000| Complete 
| 957|0x00000000bbd00000, 0x00000000bbe00000, 0x00000000bbe00000|100%| E|  |TAMS 0x00000000bbd00000, 0x00000000bbd00000| Complete 
| 958|0x00000000bbe00000, 0x00000000bbf00000, 0x00000000bbf00000|100%| E|CS|TAMS 0x00000000bbe00000, 0x00000000bbe00000| Complete 
| 959|0x00000000bbf00000, 0x00000000bc000000, 0x00000000bc000000|100%| E|CS|TAMS 0x00000000bbf00000, 0x00000000bbf00000| Complete 
| 960|0x00000000bc000000, 0x00000000bc100000, 0x00000000bc100000|100%| E|CS|TAMS 0x00000000bc000000, 0x00000000bc000000| Complete 
| 961|0x00000000bc100000, 0x00000000bc200000, 0x00000000bc200000|100%| E|CS|TAMS 0x00000000bc100000, 0x00000000bc100000| Complete 
| 962|0x00000000bc200000, 0x00000000bc300000, 0x00000000bc300000|100%| E|CS|TAMS 0x00000000bc200000, 0x00000000bc200000| Complete 
| 963|0x00000000bc300000, 0x00000000bc400000, 0x00000000bc400000|100%| E|CS|TAMS 0x00000000bc300000, 0x00000000bc300000| Complete 
| 964|0x00000000bc400000, 0x00000000bc500000, 0x00000000bc500000|100%| E|CS|TAMS 0x00000000bc400000, 0x00000000bc400000| Complete 
| 965|0x00000000bc500000, 0x00000000bc600000, 0x00000000bc600000|100%| E|CS|TAMS 0x00000000bc500000, 0x00000000bc500000| Complete 
| 966|0x00000000bc600000, 0x00000000bc700000, 0x00000000bc700000|100%| E|CS|TAMS 0x00000000bc600000, 0x00000000bc600000| Complete 
| 967|0x00000000bc700000, 0x00000000bc800000, 0x00000000bc800000|100%| E|CS|TAMS 0x00000000bc700000, 0x00000000bc700000| Complete 
| 968|0x00000000bc800000, 0x00000000bc900000, 0x00000000bc900000|100%| E|CS|TAMS 0x00000000bc800000, 0x00000000bc800000| Complete 
| 969|0x00000000bc900000, 0x00000000bca00000, 0x00000000bca00000|100%| E|CS|TAMS 0x00000000bc900000, 0x00000000bc900000| Complete 
| 970|0x00000000bca00000, 0x00000000bcb00000, 0x00000000bcb00000|100%| E|CS|TAMS 0x00000000bca00000, 0x00000000bca00000| Complete 
| 971|0x00000000bcb00000, 0x00000000bcc00000, 0x00000000bcc00000|100%| E|CS|TAMS 0x00000000bcb00000, 0x00000000bcb00000| Complete 
| 972|0x00000000bcc00000, 0x00000000bcd00000, 0x00000000bcd00000|100%| E|CS|TAMS 0x00000000bcc00000, 0x00000000bcc00000| Complete 
| 973|0x00000000bcd00000, 0x00000000bce00000, 0x00000000bce00000|100%| E|CS|TAMS 0x00000000bcd00000, 0x00000000bcd00000| Complete 
| 974|0x00000000bce00000, 0x00000000bcf00000, 0x00000000bcf00000|100%| E|CS|TAMS 0x00000000bce00000, 0x00000000bce00000| Complete 
| 975|0x00000000bcf00000, 0x00000000bd000000, 0x00000000bd000000|100%| E|CS|TAMS 0x00000000bcf00000, 0x00000000bcf00000| Complete 
| 976|0x00000000bd000000, 0x00000000bd100000, 0x00000000bd100000|100%| E|CS|TAMS 0x00000000bd000000, 0x00000000bd000000| Complete 
| 977|0x00000000bd100000, 0x00000000bd200000, 0x00000000bd200000|100%| E|CS|TAMS 0x00000000bd100000, 0x00000000bd100000| Complete 
| 978|0x00000000bd200000, 0x00000000bd300000, 0x00000000bd300000|100%| E|CS|TAMS 0x00000000bd200000, 0x00000000bd200000| Complete 
| 979|0x00000000bd300000, 0x00000000bd400000, 0x00000000bd400000|100%| E|CS|TAMS 0x00000000bd300000, 0x00000000bd300000| Complete 
| 980|0x00000000bd400000, 0x00000000bd500000, 0x00000000bd500000|100%| E|CS|TAMS 0x00000000bd400000, 0x00000000bd400000| Complete 
| 981|0x00000000bd500000, 0x00000000bd600000, 0x00000000bd600000|100%| E|CS|TAMS 0x00000000bd500000, 0x00000000bd500000| Complete 
| 982|0x00000000bd600000, 0x00000000bd700000, 0x00000000bd700000|100%| E|CS|TAMS 0x00000000bd600000, 0x00000000bd600000| Complete 
| 983|0x00000000bd700000, 0x00000000bd800000, 0x00000000bd800000|100%| E|CS|TAMS 0x00000000bd700000, 0x00000000bd700000| Complete 
| 984|0x00000000bd800000, 0x00000000bd900000, 0x00000000bd900000|100%| E|CS|TAMS 0x00000000bd800000, 0x00000000bd800000| Complete 
| 985|0x00000000bd900000, 0x00000000bda00000, 0x00000000bda00000|100%| E|CS|TAMS 0x00000000bd900000, 0x00000000bd900000| Complete 
| 986|0x00000000bda00000, 0x00000000bdb00000, 0x00000000bdb00000|100%| E|CS|TAMS 0x00000000bda00000, 0x00000000bda00000| Complete 
| 987|0x00000000bdb00000, 0x00000000bdc00000, 0x00000000bdc00000|100%| E|CS|TAMS 0x00000000bdb00000, 0x00000000bdb00000| Complete 
| 988|0x00000000bdc00000, 0x00000000bdd00000, 0x00000000bdd00000|100%| E|CS|TAMS 0x00000000bdc00000, 0x00000000bdc00000| Complete 
| 989|0x00000000bdd00000, 0x00000000bde00000, 0x00000000bde00000|100%| E|CS|TAMS 0x00000000bdd00000, 0x00000000bdd00000| Complete 
| 990|0x00000000bde00000, 0x00000000bdf00000, 0x00000000bdf00000|100%| E|CS|TAMS 0x00000000bde00000, 0x00000000bde00000| Complete 
| 991|0x00000000bdf00000, 0x00000000be000000, 0x00000000be000000|100%| E|CS|TAMS 0x00000000bdf00000, 0x00000000bdf00000| Complete 
| 992|0x00000000be000000, 0x00000000be100000, 0x00000000be100000|100%| E|CS|TAMS 0x00000000be000000, 0x00000000be000000| Complete 
| 993|0x00000000be100000, 0x00000000be200000, 0x00000000be200000|100%| E|CS|TAMS 0x00000000be100000, 0x00000000be100000| Complete 
| 994|0x00000000be200000, 0x00000000be300000, 0x00000000be300000|100%| E|CS|TAMS 0x00000000be200000, 0x00000000be200000| Complete 
| 995|0x00000000be300000, 0x00000000be400000, 0x00000000be400000|100%| E|CS|TAMS 0x00000000be300000, 0x00000000be300000| Complete 
| 996|0x00000000be400000, 0x00000000be500000, 0x00000000be500000|100%| E|CS|TAMS 0x00000000be400000, 0x00000000be400000| Complete 
| 997|0x00000000be500000, 0x00000000be600000, 0x00000000be600000|100%| E|CS|TAMS 0x00000000be500000, 0x00000000be500000| Complete 
| 998|0x00000000be600000, 0x00000000be700000, 0x00000000be700000|100%| E|CS|TAMS 0x00000000be600000, 0x00000000be600000| Complete 
| 999|0x00000000be700000, 0x00000000be800000, 0x00000000be800000|100%| E|CS|TAMS 0x00000000be700000, 0x00000000be700000| Complete 
|1000|0x00000000be800000, 0x00000000be900000, 0x00000000be900000|100%| E|CS|TAMS 0x00000000be800000, 0x00000000be800000| Complete 
|1001|0x00000000be900000, 0x00000000bea00000, 0x00000000bea00000|100%| E|CS|TAMS 0x00000000be900000, 0x00000000be900000| Complete 
|1002|0x00000000bea00000, 0x00000000beb00000, 0x00000000beb00000|100%| E|CS|TAMS 0x00000000bea00000, 0x00000000bea00000| Complete 
|1003|0x00000000beb00000, 0x00000000bec00000, 0x00000000bec00000|100%| E|CS|TAMS 0x00000000beb00000, 0x00000000beb00000| Complete 
|1004|0x00000000bec00000, 0x00000000bed00000, 0x00000000bed00000|100%| E|CS|TAMS 0x00000000bec00000, 0x00000000bec00000| Complete 
|1005|0x00000000bed00000, 0x00000000bee00000, 0x00000000bee00000|100%| E|CS|TAMS 0x00000000bed00000, 0x00000000bed00000| Complete 
|1006|0x00000000bee00000, 0x00000000bef00000, 0x00000000bef00000|100%| E|CS|TAMS 0x00000000bee00000, 0x00000000bee00000| Complete 
|1007|0x00000000bef00000, 0x00000000bf000000, 0x00000000bf000000|100%| E|CS|TAMS 0x00000000bef00000, 0x00000000bef00000| Complete 
|1008|0x00000000bf000000, 0x00000000bf100000, 0x00000000bf100000|100%| E|CS|TAMS 0x00000000bf000000, 0x00000000bf000000| Complete 
|1009|0x00000000bf100000, 0x00000000bf200000, 0x00000000bf200000|100%| E|CS|TAMS 0x00000000bf100000, 0x00000000bf100000| Complete 
|1010|0x00000000bf200000, 0x00000000bf300000, 0x00000000bf300000|100%| E|CS|TAMS 0x00000000bf200000, 0x00000000bf200000| Complete 
|1011|0x00000000bf300000, 0x00000000bf400000, 0x00000000bf400000|100%| E|CS|TAMS 0x00000000bf300000, 0x00000000bf300000| Complete 
|1012|0x00000000bf400000, 0x00000000bf500000, 0x00000000bf500000|100%| E|CS|TAMS 0x00000000bf400000, 0x00000000bf400000| Complete 
|1013|0x00000000bf500000, 0x00000000bf600000, 0x00000000bf600000|100%| E|CS|TAMS 0x00000000bf500000, 0x00000000bf500000| Complete 
|1014|0x00000000bf600000, 0x00000000bf700000, 0x00000000bf700000|100%| E|CS|TAMS 0x00000000bf600000, 0x00000000bf600000| Complete 
|1015|0x00000000bf700000, 0x00000000bf800000, 0x00000000bf800000|100%| E|CS|TAMS 0x00000000bf700000, 0x00000000bf700000| Complete 
|1016|0x00000000bf800000, 0x00000000bf900000, 0x00000000bf900000|100%| E|CS|TAMS 0x00000000bf800000, 0x00000000bf800000| Complete 
|1017|0x00000000bf900000, 0x00000000bfa00000, 0x00000000bfa00000|100%| E|CS|TAMS 0x00000000bf900000, 0x00000000bf900000| Complete 
|1018|0x00000000bfa00000, 0x00000000bfb00000, 0x00000000bfb00000|100%| E|CS|TAMS 0x00000000bfa00000, 0x00000000bfa00000| Complete 
|1019|0x00000000bfb00000, 0x00000000bfc00000, 0x00000000bfc00000|100%| E|CS|TAMS 0x00000000bfb00000, 0x00000000bfb00000| Complete 
|1020|0x00000000bfc00000, 0x00000000bfd00000, 0x00000000bfd00000|100%| E|CS|TAMS 0x00000000bfc00000, 0x00000000bfc00000| Complete 
|1021|0x00000000bfd00000, 0x00000000bfe00000, 0x00000000bfe00000|100%| E|CS|TAMS 0x00000000bfd00000, 0x00000000bfd00000| Complete 
|1022|0x00000000bfe00000, 0x00000000bff00000, 0x00000000bff00000|100%| E|CS|TAMS 0x00000000bfe00000, 0x00000000bfe00000| Complete 
|1023|0x00000000bff00000, 0x00000000c0000000, 0x00000000c0000000|100%| E|CS|TAMS 0x00000000bff00000, 0x00000000bff00000| Complete 
|1024|0x00000000c0000000, 0x00000000c0100000, 0x00000000c0100000|100%| E|CS|TAMS 0x00000000c0000000, 0x00000000c0000000| Complete 
|1025|0x00000000c0100000, 0x00000000c0200000, 0x00000000c0200000|100%| E|CS|TAMS 0x00000000c0100000, 0x00000000c0100000| Complete 
|1026|0x00000000c0200000, 0x00000000c0300000, 0x00000000c0300000|100%| E|CS|TAMS 0x00000000c0200000, 0x00000000c0200000| Complete 
|1027|0x00000000c0300000, 0x00000000c0400000, 0x00000000c0400000|100%| E|CS|TAMS 0x00000000c0300000, 0x00000000c0300000| Complete 
|1028|0x00000000c0400000, 0x00000000c0500000, 0x00000000c0500000|100%| E|CS|TAMS 0x00000000c0400000, 0x00000000c0400000| Complete 
|1029|0x00000000c0500000, 0x00000000c0600000, 0x00000000c0600000|100%| E|CS|TAMS 0x00000000c0500000, 0x00000000c0500000| Complete 
|1030|0x00000000c0600000, 0x00000000c0700000, 0x00000000c0700000|100%| E|CS|TAMS 0x00000000c0600000, 0x00000000c0600000| Complete 
|1031|0x00000000c0700000, 0x00000000c0800000, 0x00000000c0800000|100%| E|CS|TAMS 0x00000000c0700000, 0x00000000c0700000| Complete 
|1032|0x00000000c0800000, 0x00000000c0900000, 0x00000000c0900000|100%| E|CS|TAMS 0x00000000c0800000, 0x00000000c0800000| Complete 
|1033|0x00000000c0900000, 0x00000000c0a00000, 0x00000000c0a00000|100%| E|CS|TAMS 0x00000000c0900000, 0x00000000c0900000| Complete 
|1034|0x00000000c0a00000, 0x00000000c0b00000, 0x00000000c0b00000|100%| E|CS|TAMS 0x00000000c0a00000, 0x00000000c0a00000| Complete 
|1035|0x00000000c0b00000, 0x00000000c0c00000, 0x00000000c0c00000|100%| E|CS|TAMS 0x00000000c0b00000, 0x00000000c0b00000| Complete 
|1036|0x00000000c0c00000, 0x00000000c0d00000, 0x00000000c0d00000|100%| E|CS|TAMS 0x00000000c0c00000, 0x00000000c0c00000| Complete 
|1037|0x00000000c0d00000, 0x00000000c0e00000, 0x00000000c0e00000|100%| E|CS|TAMS 0x00000000c0d00000, 0x00000000c0d00000| Complete 
|1038|0x00000000c0e00000, 0x00000000c0f00000, 0x00000000c0f00000|100%| E|CS|TAMS 0x00000000c0e00000, 0x00000000c0e00000| Complete 
|1039|0x00000000c0f00000, 0x00000000c1000000, 0x00000000c1000000|100%| E|CS|TAMS 0x00000000c0f00000, 0x00000000c0f00000| Complete 
|1040|0x00000000c1000000, 0x00000000c1100000, 0x00000000c1100000|100%| E|CS|TAMS 0x00000000c1000000, 0x00000000c1000000| Complete 
|1041|0x00000000c1100000, 0x00000000c1200000, 0x00000000c1200000|100%| E|CS|TAMS 0x00000000c1100000, 0x00000000c1100000| Complete 
|1042|0x00000000c1200000, 0x00000000c1300000, 0x00000000c1300000|100%| E|CS|TAMS 0x00000000c1200000, 0x00000000c1200000| Complete 
|1043|0x00000000c1300000, 0x00000000c1400000, 0x00000000c1400000|100%| E|CS|TAMS 0x00000000c1300000, 0x00000000c1300000| Complete 
|1044|0x00000000c1400000, 0x00000000c1500000, 0x00000000c1500000|100%| E|CS|TAMS 0x00000000c1400000, 0x00000000c1400000| Complete 
|1045|0x00000000c1500000, 0x00000000c1600000, 0x00000000c1600000|100%| E|CS|TAMS 0x00000000c1500000, 0x00000000c1500000| Complete 
|1046|0x00000000c1600000, 0x00000000c1700000, 0x00000000c1700000|100%| E|CS|TAMS 0x00000000c1600000, 0x00000000c1600000| Complete 
|1047|0x00000000c1700000, 0x00000000c1800000, 0x00000000c1800000|100%| E|CS|TAMS 0x00000000c1700000, 0x00000000c1700000| Complete 
|1048|0x00000000c1800000, 0x00000000c1900000, 0x00000000c1900000|100%| E|CS|TAMS 0x00000000c1800000, 0x00000000c1800000| Complete 
|1049|0x00000000c1900000, 0x00000000c1a00000, 0x00000000c1a00000|100%| E|CS|TAMS 0x00000000c1900000, 0x00000000c1900000| Complete 
|1050|0x00000000c1a00000, 0x00000000c1b00000, 0x00000000c1b00000|100%| E|CS|TAMS 0x00000000c1a00000, 0x00000000c1a00000| Complete 
|1051|0x00000000c1b00000, 0x00000000c1c00000, 0x00000000c1c00000|100%| E|CS|TAMS 0x00000000c1b00000, 0x00000000c1b00000| Complete 
|1052|0x00000000c1c00000, 0x00000000c1d00000, 0x00000000c1d00000|100%| E|CS|TAMS 0x00000000c1c00000, 0x00000000c1c00000| Complete 
|1053|0x00000000c1d00000, 0x00000000c1e00000, 0x00000000c1e00000|100%| E|CS|TAMS 0x00000000c1d00000, 0x00000000c1d00000| Complete 
|1054|0x00000000c1e00000, 0x00000000c1f00000, 0x00000000c1f00000|100%| E|CS|TAMS 0x00000000c1e00000, 0x00000000c1e00000| Complete 
|1055|0x00000000c1f00000, 0x00000000c2000000, 0x00000000c2000000|100%| E|CS|TAMS 0x00000000c1f00000, 0x00000000c1f00000| Complete 
|1056|0x00000000c2000000, 0x00000000c2100000, 0x00000000c2100000|100%| E|CS|TAMS 0x00000000c2000000, 0x00000000c2000000| Complete 
|1057|0x00000000c2100000, 0x00000000c2200000, 0x00000000c2200000|100%| E|CS|TAMS 0x00000000c2100000, 0x00000000c2100000| Complete 
|1058|0x00000000c2200000, 0x00000000c2300000, 0x00000000c2300000|100%| E|CS|TAMS 0x00000000c2200000, 0x00000000c2200000| Complete 
|1059|0x00000000c2300000, 0x00000000c2400000, 0x00000000c2400000|100%| E|CS|TAMS 0x00000000c2300000, 0x00000000c2300000| Complete 
|1060|0x00000000c2400000, 0x00000000c2500000, 0x00000000c2500000|100%| E|CS|TAMS 0x00000000c2400000, 0x00000000c2400000| Complete 
|1061|0x00000000c2500000, 0x00000000c2600000, 0x00000000c2600000|100%| E|CS|TAMS 0x00000000c2500000, 0x00000000c2500000| Complete 
|1062|0x00000000c2600000, 0x00000000c2700000, 0x00000000c2700000|100%| E|CS|TAMS 0x00000000c2600000, 0x00000000c2600000| Complete 
|1063|0x00000000c2700000, 0x00000000c2800000, 0x00000000c2800000|100%| E|CS|TAMS 0x00000000c2700000, 0x00000000c2700000| Complete 
|1064|0x00000000c2800000, 0x00000000c2900000, 0x00000000c2900000|100%| E|CS|TAMS 0x00000000c2800000, 0x00000000c2800000| Complete 
|1065|0x00000000c2900000, 0x00000000c2a00000, 0x00000000c2a00000|100%| E|CS|TAMS 0x00000000c2900000, 0x00000000c2900000| Complete 
|1066|0x00000000c2a00000, 0x00000000c2b00000, 0x00000000c2b00000|100%| E|CS|TAMS 0x00000000c2a00000, 0x00000000c2a00000| Complete 
|1067|0x00000000c2b00000, 0x00000000c2c00000, 0x00000000c2c00000|100%| E|CS|TAMS 0x00000000c2b00000, 0x00000000c2b00000| Complete 
|1068|0x00000000c2c00000, 0x00000000c2d00000, 0x00000000c2d00000|100%| E|CS|TAMS 0x00000000c2c00000, 0x00000000c2c00000| Complete 
|1069|0x00000000c2d00000, 0x00000000c2e00000, 0x00000000c2e00000|100%| E|CS|TAMS 0x00000000c2d00000, 0x00000000c2d00000| Complete 
|1070|0x00000000c2e00000, 0x00000000c2f00000, 0x00000000c2f00000|100%| E|CS|TAMS 0x00000000c2e00000, 0x00000000c2e00000| Complete 
|1071|0x00000000c2f00000, 0x00000000c3000000, 0x00000000c3000000|100%| E|CS|TAMS 0x00000000c2f00000, 0x00000000c2f00000| Complete 
|1072|0x00000000c3000000, 0x00000000c3100000, 0x00000000c3100000|100%| E|CS|TAMS 0x00000000c3000000, 0x00000000c3000000| Complete 
|1073|0x00000000c3100000, 0x00000000c3200000, 0x00000000c3200000|100%| E|CS|TAMS 0x00000000c3100000, 0x00000000c3100000| Complete 
|1074|0x00000000c3200000, 0x00000000c3300000, 0x00000000c3300000|100%| E|CS|TAMS 0x00000000c3200000, 0x00000000c3200000| Complete 
|1075|0x00000000c3300000, 0x00000000c3400000, 0x00000000c3400000|100%| E|CS|TAMS 0x00000000c3300000, 0x00000000c3300000| Complete 
|1076|0x00000000c3400000, 0x00000000c3500000, 0x00000000c3500000|100%| E|CS|TAMS 0x00000000c3400000, 0x00000000c3400000| Complete 
|1077|0x00000000c3500000, 0x00000000c3600000, 0x00000000c3600000|100%| E|CS|TAMS 0x00000000c3500000, 0x00000000c3500000| Complete 
|1078|0x00000000c3600000, 0x00000000c3700000, 0x00000000c3700000|100%| E|CS|TAMS 0x00000000c3600000, 0x00000000c3600000| Complete 
|1079|0x00000000c3700000, 0x00000000c3800000, 0x00000000c3800000|100%| E|CS|TAMS 0x00000000c3700000, 0x00000000c3700000| Complete 
|1080|0x00000000c3800000, 0x00000000c3900000, 0x00000000c3900000|100%| E|CS|TAMS 0x00000000c3800000, 0x00000000c3800000| Complete 
|1081|0x00000000c3900000, 0x00000000c3a00000, 0x00000000c3a00000|100%| E|CS|TAMS 0x00000000c3900000, 0x00000000c3900000| Complete 
|1082|0x00000000c3a00000, 0x00000000c3b00000, 0x00000000c3b00000|100%| E|CS|TAMS 0x00000000c3a00000, 0x00000000c3a00000| Complete 
|1083|0x00000000c3b00000, 0x00000000c3c00000, 0x00000000c3c00000|100%| E|CS|TAMS 0x00000000c3b00000, 0x00000000c3b00000| Complete 
|1084|0x00000000c3c00000, 0x00000000c3d00000, 0x00000000c3d00000|100%| E|CS|TAMS 0x00000000c3c00000, 0x00000000c3c00000| Complete 
|1085|0x00000000c3d00000, 0x00000000c3e00000, 0x00000000c3e00000|100%| E|CS|TAMS 0x00000000c3d00000, 0x00000000c3d00000| Complete 
|1086|0x00000000c3e00000, 0x00000000c3f00000, 0x00000000c3f00000|100%| E|CS|TAMS 0x00000000c3e00000, 0x00000000c3e00000| Complete 
|1087|0x00000000c3f00000, 0x00000000c4000000, 0x00000000c4000000|100%| E|CS|TAMS 0x00000000c3f00000, 0x00000000c3f00000| Complete 
|1088|0x00000000c4000000, 0x00000000c4100000, 0x00000000c4100000|100%| E|CS|TAMS 0x00000000c4000000, 0x00000000c4000000| Complete 
|1089|0x00000000c4100000, 0x00000000c4200000, 0x00000000c4200000|100%| E|CS|TAMS 0x00000000c4100000, 0x00000000c4100000| Complete 
|1090|0x00000000c4200000, 0x00000000c4300000, 0x00000000c4300000|100%| E|CS|TAMS 0x00000000c4200000, 0x00000000c4200000| Complete 
|1091|0x00000000c4300000, 0x00000000c4400000, 0x00000000c4400000|100%| E|CS|TAMS 0x00000000c4300000, 0x00000000c4300000| Complete 
|1092|0x00000000c4400000, 0x00000000c4500000, 0x00000000c4500000|100%| E|CS|TAMS 0x00000000c4400000, 0x00000000c4400000| Complete 
|1093|0x00000000c4500000, 0x00000000c4600000, 0x00000000c4600000|100%| E|CS|TAMS 0x00000000c4500000, 0x00000000c4500000| Complete 
|1094|0x00000000c4600000, 0x00000000c4700000, 0x00000000c4700000|100%| E|CS|TAMS 0x00000000c4600000, 0x00000000c4600000| Complete 
|1095|0x00000000c4700000, 0x00000000c4800000, 0x00000000c4800000|100%| E|CS|TAMS 0x00000000c4700000, 0x00000000c4700000| Complete 
|1096|0x00000000c4800000, 0x00000000c4900000, 0x00000000c4900000|100%| E|CS|TAMS 0x00000000c4800000, 0x00000000c4800000| Complete 
|1097|0x00000000c4900000, 0x00000000c4a00000, 0x00000000c4a00000|100%| E|CS|TAMS 0x00000000c4900000, 0x00000000c4900000| Complete 
|1098|0x00000000c4a00000, 0x00000000c4b00000, 0x00000000c4b00000|100%| E|CS|TAMS 0x00000000c4a00000, 0x00000000c4a00000| Complete 
|1099|0x00000000c4b00000, 0x00000000c4c00000, 0x00000000c4c00000|100%| E|CS|TAMS 0x00000000c4b00000, 0x00000000c4b00000| Complete 
|1100|0x00000000c4c00000, 0x00000000c4d00000, 0x00000000c4d00000|100%| E|CS|TAMS 0x00000000c4c00000, 0x00000000c4c00000| Complete 
|1101|0x00000000c4d00000, 0x00000000c4e00000, 0x00000000c4e00000|100%| E|CS|TAMS 0x00000000c4d00000, 0x00000000c4d00000| Complete 
|1102|0x00000000c4e00000, 0x00000000c4f00000, 0x00000000c4f00000|100%| E|CS|TAMS 0x00000000c4e00000, 0x00000000c4e00000| Complete 
|1103|0x00000000c4f00000, 0x00000000c5000000, 0x00000000c5000000|100%| E|CS|TAMS 0x00000000c4f00000, 0x00000000c4f00000| Complete 
|1104|0x00000000c5000000, 0x00000000c5100000, 0x00000000c5100000|100%| E|CS|TAMS 0x00000000c5000000, 0x00000000c5000000| Complete 
|1105|0x00000000c5100000, 0x00000000c5200000, 0x00000000c5200000|100%| E|CS|TAMS 0x00000000c5100000, 0x00000000c5100000| Complete 
|1106|0x00000000c5200000, 0x00000000c5300000, 0x00000000c5300000|100%| E|CS|TAMS 0x00000000c5200000, 0x00000000c5200000| Complete 
|1107|0x00000000c5300000, 0x00000000c5400000, 0x00000000c5400000|100%| E|CS|TAMS 0x00000000c5300000, 0x00000000c5300000| Complete 
|1108|0x00000000c5400000, 0x00000000c5500000, 0x00000000c5500000|100%| E|CS|TAMS 0x00000000c5400000, 0x00000000c5400000| Complete 
|1109|0x00000000c5500000, 0x00000000c5600000, 0x00000000c5600000|100%| E|CS|TAMS 0x00000000c5500000, 0x00000000c5500000| Complete 
|1110|0x00000000c5600000, 0x00000000c5700000, 0x00000000c5700000|100%| E|CS|TAMS 0x00000000c5600000, 0x00000000c5600000| Complete 
|1111|0x00000000c5700000, 0x00000000c5800000, 0x00000000c5800000|100%| E|CS|TAMS 0x00000000c5700000, 0x00000000c5700000| Complete 
|1112|0x00000000c5800000, 0x00000000c5900000, 0x00000000c5900000|100%| E|CS|TAMS 0x00000000c5800000, 0x00000000c5800000| Complete 
|1113|0x00000000c5900000, 0x00000000c5a00000, 0x00000000c5a00000|100%| E|CS|TAMS 0x00000000c5900000, 0x00000000c5900000| Complete 
|1114|0x00000000c5a00000, 0x00000000c5b00000, 0x00000000c5b00000|100%| E|CS|TAMS 0x00000000c5a00000, 0x00000000c5a00000| Complete 
|1115|0x00000000c5b00000, 0x00000000c5c00000, 0x00000000c5c00000|100%| E|CS|TAMS 0x00000000c5b00000, 0x00000000c5b00000| Complete 
|1116|0x00000000c5c00000, 0x00000000c5d00000, 0x00000000c5d00000|100%| E|CS|TAMS 0x00000000c5c00000, 0x00000000c5c00000| Complete 
|1117|0x00000000c5d00000, 0x00000000c5e00000, 0x00000000c5e00000|100%| E|CS|TAMS 0x00000000c5d00000, 0x00000000c5d00000| Complete 
|1118|0x00000000c5e00000, 0x00000000c5f00000, 0x00000000c5f00000|100%| E|CS|TAMS 0x00000000c5e00000, 0x00000000c5e00000| Complete 
|1119|0x00000000c5f00000, 0x00000000c6000000, 0x00000000c6000000|100%| E|CS|TAMS 0x00000000c5f00000, 0x00000000c5f00000| Complete 
|1120|0x00000000c6000000, 0x00000000c6100000, 0x00000000c6100000|100%| E|CS|TAMS 0x00000000c6000000, 0x00000000c6000000| Complete 
|1121|0x00000000c6100000, 0x00000000c6200000, 0x00000000c6200000|100%| E|CS|TAMS 0x00000000c6100000, 0x00000000c6100000| Complete 
|1122|0x00000000c6200000, 0x00000000c6300000, 0x00000000c6300000|100%| E|CS|TAMS 0x00000000c6200000, 0x00000000c6200000| Complete 
|1123|0x00000000c6300000, 0x00000000c6400000, 0x00000000c6400000|100%| E|CS|TAMS 0x00000000c6300000, 0x00000000c6300000| Complete 
|1124|0x00000000c6400000, 0x00000000c6500000, 0x00000000c6500000|100%| E|CS|TAMS 0x00000000c6400000, 0x00000000c6400000| Complete 
|1125|0x00000000c6500000, 0x00000000c6600000, 0x00000000c6600000|100%| E|CS|TAMS 0x00000000c6500000, 0x00000000c6500000| Complete 
|1126|0x00000000c6600000, 0x00000000c6700000, 0x00000000c6700000|100%| E|CS|TAMS 0x00000000c6600000, 0x00000000c6600000| Complete 
|1127|0x00000000c6700000, 0x00000000c6800000, 0x00000000c6800000|100%| E|CS|TAMS 0x00000000c6700000, 0x00000000c6700000| Complete 
|1128|0x00000000c6800000, 0x00000000c6900000, 0x00000000c6900000|100%| E|CS|TAMS 0x00000000c6800000, 0x00000000c6800000| Complete 
|1129|0x00000000c6900000, 0x00000000c6a00000, 0x00000000c6a00000|100%| E|CS|TAMS 0x00000000c6900000, 0x00000000c6900000| Complete 
|1130|0x00000000c6a00000, 0x00000000c6b00000, 0x00000000c6b00000|100%| E|CS|TAMS 0x00000000c6a00000, 0x00000000c6a00000| Complete 
|1131|0x00000000c6b00000, 0x00000000c6c00000, 0x00000000c6c00000|100%| E|CS|TAMS 0x00000000c6b00000, 0x00000000c6b00000| Complete 
|1132|0x00000000c6c00000, 0x00000000c6d00000, 0x00000000c6d00000|100%| E|CS|TAMS 0x00000000c6c00000, 0x00000000c6c00000| Complete 
|1133|0x00000000c6d00000, 0x00000000c6e00000, 0x00000000c6e00000|100%| E|CS|TAMS 0x00000000c6d00000, 0x00000000c6d00000| Complete 
|1134|0x00000000c6e00000, 0x00000000c6f00000, 0x00000000c6f00000|100%| E|CS|TAMS 0x00000000c6e00000, 0x00000000c6e00000| Complete 
|1135|0x00000000c6f00000, 0x00000000c7000000, 0x00000000c7000000|100%| E|CS|TAMS 0x00000000c6f00000, 0x00000000c6f00000| Complete 
|1136|0x00000000c7000000, 0x00000000c7100000, 0x00000000c7100000|100%| E|CS|TAMS 0x00000000c7000000, 0x00000000c7000000| Complete 
|1137|0x00000000c7100000, 0x00000000c7200000, 0x00000000c7200000|100%| E|CS|TAMS 0x00000000c7100000, 0x00000000c7100000| Complete 
|1138|0x00000000c7200000, 0x00000000c7300000, 0x00000000c7300000|100%| E|CS|TAMS 0x00000000c7200000, 0x00000000c7200000| Complete 
|1139|0x00000000c7300000, 0x00000000c7400000, 0x00000000c7400000|100%| E|CS|TAMS 0x00000000c7300000, 0x00000000c7300000| Complete 
|1140|0x00000000c7400000, 0x00000000c7500000, 0x00000000c7500000|100%| E|CS|TAMS 0x00000000c7400000, 0x00000000c7400000| Complete 
|1141|0x00000000c7500000, 0x00000000c7600000, 0x00000000c7600000|100%| E|CS|TAMS 0x00000000c7500000, 0x00000000c7500000| Complete 
|1142|0x00000000c7600000, 0x00000000c7700000, 0x00000000c7700000|100%| E|CS|TAMS 0x00000000c7600000, 0x00000000c7600000| Complete 
|1143|0x00000000c7700000, 0x00000000c7800000, 0x00000000c7800000|100%| E|CS|TAMS 0x00000000c7700000, 0x00000000c7700000| Complete 
|1144|0x00000000c7800000, 0x00000000c7900000, 0x00000000c7900000|100%| E|CS|TAMS 0x00000000c7800000, 0x00000000c7800000| Complete 
|1145|0x00000000c7900000, 0x00000000c7a00000, 0x00000000c7a00000|100%| E|CS|TAMS 0x00000000c7900000, 0x00000000c7900000| Complete 
|1146|0x00000000c7a00000, 0x00000000c7b00000, 0x00000000c7b00000|100%| E|CS|TAMS 0x00000000c7a00000, 0x00000000c7a00000| Complete 
|1147|0x00000000c7b00000, 0x00000000c7c00000, 0x00000000c7c00000|100%| E|CS|TAMS 0x00000000c7b00000, 0x00000000c7b00000| Complete 
|1148|0x00000000c7c00000, 0x00000000c7d00000, 0x00000000c7d00000|100%| E|CS|TAMS 0x00000000c7c00000, 0x00000000c7c00000| Complete 
|1149|0x00000000c7d00000, 0x00000000c7e00000, 0x00000000c7e00000|100%| E|CS|TAMS 0x00000000c7d00000, 0x00000000c7d00000| Complete 
|1150|0x00000000c7e00000, 0x00000000c7f00000, 0x00000000c7f00000|100%| E|CS|TAMS 0x00000000c7e00000, 0x00000000c7e00000| Complete 
|1151|0x00000000c7f00000, 0x00000000c8000000, 0x00000000c8000000|100%| E|CS|TAMS 0x00000000c7f00000, 0x00000000c7f00000| Complete 
|1152|0x00000000c8000000, 0x00000000c8100000, 0x00000000c8100000|100%| E|CS|TAMS 0x00000000c8000000, 0x00000000c8000000| Complete 
|1153|0x00000000c8100000, 0x00000000c8200000, 0x00000000c8200000|100%| E|CS|TAMS 0x00000000c8100000, 0x00000000c8100000| Complete 
|1154|0x00000000c8200000, 0x00000000c8300000, 0x00000000c8300000|100%| E|CS|TAMS 0x00000000c8200000, 0x00000000c8200000| Complete 
|1155|0x00000000c8300000, 0x00000000c8400000, 0x00000000c8400000|100%| E|CS|TAMS 0x00000000c8300000, 0x00000000c8300000| Complete 
|1156|0x00000000c8400000, 0x00000000c8500000, 0x00000000c8500000|100%| E|CS|TAMS 0x00000000c8400000, 0x00000000c8400000| Complete 
|1157|0x00000000c8500000, 0x00000000c8600000, 0x00000000c8600000|100%| E|CS|TAMS 0x00000000c8500000, 0x00000000c8500000| Complete 
|1158|0x00000000c8600000, 0x00000000c8700000, 0x00000000c8700000|100%| E|CS|TAMS 0x00000000c8600000, 0x00000000c8600000| Complete 
|1159|0x00000000c8700000, 0x00000000c8800000, 0x00000000c8800000|100%| E|CS|TAMS 0x00000000c8700000, 0x00000000c8700000| Complete 
|1160|0x00000000c8800000, 0x00000000c8900000, 0x00000000c8900000|100%| E|CS|TAMS 0x00000000c8800000, 0x00000000c8800000| Complete 
|1161|0x00000000c8900000, 0x00000000c8a00000, 0x00000000c8a00000|100%| E|CS|TAMS 0x00000000c8900000, 0x00000000c8900000| Complete 
|1162|0x00000000c8a00000, 0x00000000c8b00000, 0x00000000c8b00000|100%| E|CS|TAMS 0x00000000c8a00000, 0x00000000c8a00000| Complete 
|1163|0x00000000c8b00000, 0x00000000c8c00000, 0x00000000c8c00000|100%| E|CS|TAMS 0x00000000c8b00000, 0x00000000c8b00000| Complete 
|1164|0x00000000c8c00000, 0x00000000c8d00000, 0x00000000c8d00000|100%| E|CS|TAMS 0x00000000c8c00000, 0x00000000c8c00000| Complete 
|1165|0x00000000c8d00000, 0x00000000c8e00000, 0x00000000c8e00000|100%| E|CS|TAMS 0x00000000c8d00000, 0x00000000c8d00000| Complete 
|1166|0x00000000c8e00000, 0x00000000c8f00000, 0x00000000c8f00000|100%| E|CS|TAMS 0x00000000c8e00000, 0x00000000c8e00000| Complete 
|1167|0x00000000c8f00000, 0x00000000c9000000, 0x00000000c9000000|100%| E|CS|TAMS 0x00000000c8f00000, 0x00000000c8f00000| Complete 
|1168|0x00000000c9000000, 0x00000000c9100000, 0x00000000c9100000|100%| E|CS|TAMS 0x00000000c9000000, 0x00000000c9000000| Complete 
|1169|0x00000000c9100000, 0x00000000c9200000, 0x00000000c9200000|100%| E|CS|TAMS 0x00000000c9100000, 0x00000000c9100000| Complete 
|1170|0x00000000c9200000, 0x00000000c9300000, 0x00000000c9300000|100%| E|CS|TAMS 0x00000000c9200000, 0x00000000c9200000| Complete 
|1171|0x00000000c9300000, 0x00000000c9400000, 0x00000000c9400000|100%| E|CS|TAMS 0x00000000c9300000, 0x00000000c9300000| Complete 
|1172|0x00000000c9400000, 0x00000000c9500000, 0x00000000c9500000|100%| E|CS|TAMS 0x00000000c9400000, 0x00000000c9400000| Complete 
|1173|0x00000000c9500000, 0x00000000c9600000, 0x00000000c9600000|100%| E|CS|TAMS 0x00000000c9500000, 0x00000000c9500000| Complete 
|1174|0x00000000c9600000, 0x00000000c9700000, 0x00000000c9700000|100%| E|CS|TAMS 0x00000000c9600000, 0x00000000c9600000| Complete 
|1175|0x00000000c9700000, 0x00000000c9800000, 0x00000000c9800000|100%| E|CS|TAMS 0x00000000c9700000, 0x00000000c9700000| Complete 
|1176|0x00000000c9800000, 0x00000000c9900000, 0x00000000c9900000|100%| E|CS|TAMS 0x00000000c9800000, 0x00000000c9800000| Complete 
|1177|0x00000000c9900000, 0x00000000c9a00000, 0x00000000c9a00000|100%| E|CS|TAMS 0x00000000c9900000, 0x00000000c9900000| Complete 
|1178|0x00000000c9a00000, 0x00000000c9b00000, 0x00000000c9b00000|100%| E|CS|TAMS 0x00000000c9a00000, 0x00000000c9a00000| Complete 
|1179|0x00000000c9b00000, 0x00000000c9c00000, 0x00000000c9c00000|100%| E|CS|TAMS 0x00000000c9b00000, 0x00000000c9b00000| Complete 
|1180|0x00000000c9c00000, 0x00000000c9d00000, 0x00000000c9d00000|100%| E|CS|TAMS 0x00000000c9c00000, 0x00000000c9c00000| Complete 
|1181|0x00000000c9d00000, 0x00000000c9e00000, 0x00000000c9e00000|100%| E|CS|TAMS 0x00000000c9d00000, 0x00000000c9d00000| Complete 
|1182|0x00000000c9e00000, 0x00000000c9f00000, 0x00000000c9f00000|100%| E|CS|TAMS 0x00000000c9e00000, 0x00000000c9e00000| Complete 
|1183|0x00000000c9f00000, 0x00000000ca000000, 0x00000000ca000000|100%| E|CS|TAMS 0x00000000c9f00000, 0x00000000c9f00000| Complete 
|1184|0x00000000ca000000, 0x00000000ca100000, 0x00000000ca100000|100%| E|CS|TAMS 0x00000000ca000000, 0x00000000ca000000| Complete 
|1185|0x00000000ca100000, 0x00000000ca200000, 0x00000000ca200000|100%| E|CS|TAMS 0x00000000ca100000, 0x00000000ca100000| Complete 
|1186|0x00000000ca200000, 0x00000000ca300000, 0x00000000ca300000|100%| E|CS|TAMS 0x00000000ca200000, 0x00000000ca200000| Complete 
|1187|0x00000000ca300000, 0x00000000ca400000, 0x00000000ca400000|100%| E|CS|TAMS 0x00000000ca300000, 0x00000000ca300000| Complete 
|1188|0x00000000ca400000, 0x00000000ca500000, 0x00000000ca500000|100%| E|CS|TAMS 0x00000000ca400000, 0x00000000ca400000| Complete 
|1189|0x00000000ca500000, 0x00000000ca600000, 0x00000000ca600000|100%| E|CS|TAMS 0x00000000ca500000, 0x00000000ca500000| Complete 
|1190|0x00000000ca600000, 0x00000000ca700000, 0x00000000ca700000|100%| E|CS|TAMS 0x00000000ca600000, 0x00000000ca600000| Complete 
|1191|0x00000000ca700000, 0x00000000ca800000, 0x00000000ca800000|100%| E|CS|TAMS 0x00000000ca700000, 0x00000000ca700000| Complete 
|1192|0x00000000ca800000, 0x00000000ca900000, 0x00000000ca900000|100%| E|CS|TAMS 0x00000000ca800000, 0x00000000ca800000| Complete 
|1193|0x00000000ca900000, 0x00000000caa00000, 0x00000000caa00000|100%| E|CS|TAMS 0x00000000ca900000, 0x00000000ca900000| Complete 
|1194|0x00000000caa00000, 0x00000000cab00000, 0x00000000cab00000|100%| E|CS|TAMS 0x00000000caa00000, 0x00000000caa00000| Complete 
|1195|0x00000000cab00000, 0x00000000cac00000, 0x00000000cac00000|100%| E|CS|TAMS 0x00000000cab00000, 0x00000000cab00000| Complete 
|1196|0x00000000cac00000, 0x00000000cad00000, 0x00000000cad00000|100%| E|CS|TAMS 0x00000000cac00000, 0x00000000cac00000| Complete 
|1197|0x00000000cad00000, 0x00000000cae00000, 0x00000000cae00000|100%| E|CS|TAMS 0x00000000cad00000, 0x00000000cad00000| Complete 
|1198|0x00000000cae00000, 0x00000000caf00000, 0x00000000caf00000|100%| E|CS|TAMS 0x00000000cae00000, 0x00000000cae00000| Complete 
|1199|0x00000000caf00000, 0x00000000cb000000, 0x00000000cb000000|100%| E|CS|TAMS 0x00000000caf00000, 0x00000000caf00000| Complete 
|1200|0x00000000cb000000, 0x00000000cb100000, 0x00000000cb100000|100%| E|CS|TAMS 0x00000000cb000000, 0x00000000cb000000| Complete 
|1201|0x00000000cb100000, 0x00000000cb200000, 0x00000000cb200000|100%| E|CS|TAMS 0x00000000cb100000, 0x00000000cb100000| Complete 
|1202|0x00000000cb200000, 0x00000000cb300000, 0x00000000cb300000|100%| E|CS|TAMS 0x00000000cb200000, 0x00000000cb200000| Complete 
|1203|0x00000000cb300000, 0x00000000cb400000, 0x00000000cb400000|100%| E|CS|TAMS 0x00000000cb300000, 0x00000000cb300000| Complete 
|1204|0x00000000cb400000, 0x00000000cb500000, 0x00000000cb500000|100%| E|CS|TAMS 0x00000000cb400000, 0x00000000cb400000| Complete 
|1205|0x00000000cb500000, 0x00000000cb600000, 0x00000000cb600000|100%| E|CS|TAMS 0x00000000cb500000, 0x00000000cb500000| Complete 
|1206|0x00000000cb600000, 0x00000000cb700000, 0x00000000cb700000|100%| E|CS|TAMS 0x00000000cb600000, 0x00000000cb600000| Complete 
|1207|0x00000000cb700000, 0x00000000cb800000, 0x00000000cb800000|100%| E|CS|TAMS 0x00000000cb700000, 0x00000000cb700000| Complete 
|1208|0x00000000cb800000, 0x00000000cb900000, 0x00000000cb900000|100%| E|CS|TAMS 0x00000000cb800000, 0x00000000cb800000| Complete 
|1209|0x00000000cb900000, 0x00000000cba00000, 0x00000000cba00000|100%| E|CS|TAMS 0x00000000cb900000, 0x00000000cb900000| Complete 
|1210|0x00000000cba00000, 0x00000000cbb00000, 0x00000000cbb00000|100%| E|CS|TAMS 0x00000000cba00000, 0x00000000cba00000| Complete 
|1211|0x00000000cbb00000, 0x00000000cbc00000, 0x00000000cbc00000|100%| E|CS|TAMS 0x00000000cbb00000, 0x00000000cbb00000| Complete 
|1212|0x00000000cbc00000, 0x00000000cbd00000, 0x00000000cbd00000|100%| E|CS|TAMS 0x00000000cbc00000, 0x00000000cbc00000| Complete 
|1213|0x00000000cbd00000, 0x00000000cbe00000, 0x00000000cbe00000|100%| E|CS|TAMS 0x00000000cbd00000, 0x00000000cbd00000| Complete 
|1214|0x00000000cbe00000, 0x00000000cbf00000, 0x00000000cbf00000|100%| E|CS|TAMS 0x00000000cbe00000, 0x00000000cbe00000| Complete 
|1215|0x00000000cbf00000, 0x00000000cc000000, 0x00000000cc000000|100%| E|CS|TAMS 0x00000000cbf00000, 0x00000000cbf00000| Complete 
|1216|0x00000000cc000000, 0x00000000cc100000, 0x00000000cc100000|100%| E|CS|TAMS 0x00000000cc000000, 0x00000000cc000000| Complete 

Card table byte_map: [0x00000219f86b0000,0x00000219f8ab0000] _byte_map_base: 0x00000219f82b0000

Marking Bits (Prev, Next): (CMBitMap*) 0x00000219e1232ac0, (CMBitMap*) 0x00000219e1232b00
 Prev Bits: [0x00000219f8eb0000, 0x00000219faeb0000)
 Next Bits: [0x00000219faeb0000, 0x00000219fceb0000)

Polling page: 0x00000219e0990000

Metaspace:

Usage:
  Non-class:    338.24 MB used.
      Class:     48.45 MB used.
       Both:    386.69 MB used.

Virtual space:
  Non-class space:      384.00 MB reserved,     340.00 MB ( 89%) committed,  6 nodes.
      Class space:      416.00 MB reserved,      49.94 MB ( 12%) committed,  1 nodes.
             Both:      800.00 MB reserved,     389.94 MB ( 49%) committed. 

Chunk freelists:
   Non-Class:  11.94 MB
       Class:  13.97 MB
        Both:  25.91 MB

MaxMetaspaceSize: 512.00 MB
CompressedClassSpaceSize: 416.00 MB
Initial GC threshold: 21.00 MB
Current GC threshold: 512.00 MB
CDS: on
MetaspaceReclaimPolicy: balanced
 - commit_granule_bytes: 65536.
 - commit_granule_words: 8192.
 - virtual_space_node_default_size: 8388608.
 - enlarge_chunks_in_place: 1.
 - new_chunks_are_fully_committed: 0.
 - uncommit_free_chunks: 1.
 - use_allocation_guard: 0.
 - handle_deallocations: 1.


Internal statistics:

num_allocs_failed_limit: 43.
num_arena_births: 4840.
num_arena_deaths: 178.
num_vsnodes_births: 7.
num_vsnodes_deaths: 0.
num_space_committed: 6246.
num_space_uncommitted: 13.
num_chunks_returned_to_freelist: 380.
num_chunks_taken_from_freelist: 24384.
num_chunk_merges: 87.
num_chunk_splits: 15088.
num_chunks_enlarged: 8144.
num_inconsistent_stats: 0.

CodeHeap 'non-profiled nmethods': size=120000Kb used=38047Kb max_used=38047Kb free=81952Kb
 bounds [0x00000219f0820000, 0x00000219f2d50000, 0x00000219f7d50000]
CodeHeap 'profiled nmethods': size=120000Kb used=111987Kb max_used=112071Kb free=8012Kb
 bounds [0x00000219e8d50000, 0x00000219efb00000, 0x00000219f0280000]
CodeHeap 'non-nmethods': size=5760Kb used=2849Kb max_used=3017Kb free=2911Kb
 bounds [0x00000219f0280000, 0x00000219f0590000, 0x00000219f0820000]
 total_blobs=53260 nmethods=51802 adapters=1364
 compilation: enabled
              stopped_count=0, restarted_count=0
 full_count=0

Compilation events (20 events):
Event: 185.691 Thread 0x000002199f008890 70001       3       com.intellij.openapi.util.RecursionManager$1::<init> (10 bytes)
Event: 185.691 Thread 0x000002199f008890 nmethod 70001 0x00000219ed8cce10 code [0x00000219ed8ccfc0, 0x00000219ed8cd1d8]
Event: 185.691 Thread 0x000002199f008890 70002       3       com.intellij.openapi.util.RecursionGuard::<init> (5 bytes)
Event: 185.691 Thread 0x000002199f008890 nmethod 70002 0x00000219ecfa3c90 code [0x00000219ecfa3e40, 0x00000219ecfa3f98]
Event: 185.691 Thread 0x000002199f008890 70003       3       com.intellij.openapi.util.RecursionManager::doPreventingRecursion (25 bytes)
Event: 185.691 Thread 0x000002199f008890 nmethod 70003 0x00000219efaedd90 code [0x00000219efaedf80, 0x00000219efaee508]
Event: 185.691 Thread 0x000002199f008890 70004       3       com.intellij.psi.impl.source.PsiImmediateClassType$1::getElement (8 bytes)
Event: 185.692 Thread 0x000002199f008890 nmethod 70004 0x00000219ecb89a90 code [0x00000219ecb89c20, 0x00000219ecb89d58]
Event: 185.693 Thread 0x000002199f008890 70005       1       com.intellij.psi.impl.compiled.ClsTypeParameterImpl::getContainingClass (2 bytes)
Event: 185.693 Thread 0x000002199f008890 nmethod 70005 0x00000219f2d36110 code [0x00000219f2d362a0, 0x00000219f2d36378]
Event: 185.693 Thread 0x000002199f008890 70006       3       com.intellij.psi.impl.compiled.ClsParameterListImpl::getParameters (30 bytes)
Event: 185.694 Thread 0x000002199f008890 nmethod 70006 0x00000219efaee710 code [0x00000219efaee8e0, 0x00000219efaeee38]
Event: 185.786 Thread 0x00000219b8944dc0 nmethod 69965 0x00000219f2d36410 code [0x00000219f2d36b00, 0x00000219f2d3cfa0]
Event: 185.786 Thread 0x00000219b8944dc0 69999       4       com.intellij.util.containers.JBIterator::peekNext (147 bytes)
Event: 185.793 Thread 0x00000219b8944dc0 nmethod 69999 0x00000219f2d41010 code [0x00000219f2d411c0, 0x00000219f2d41558]
Event: 185.793 Thread 0x00000219b8944dc0 70007       4       sun.nio.fs.WindowsFileSystemProvider::newDirectoryStream (31 bytes)
Event: 185.819 Thread 0x00000219b8944dc0 nmethod 70007 0x00000219f2d41710 code [0x00000219f2d418c0, 0x00000219f2d41aa8]
Event: 185.820 Thread 0x00000219b8944dc0 70008       4       org.jetbrains.kotlin.cli.jvm.index.JvmDependenciesIndexImpl::travelPath (150 bytes)
Event: 185.820 Thread 0x000002199f008890 70009       3       org.jetbrains.kotlin.cli.jvm.compiler.KotlinCliJavaFileManagerImpl$$Lambda$6656/0x000002198399e608::invoke (20 bytes)
Event: 185.821 Thread 0x000002199f008890 nmethod 70009 0x00000219efaeef90 code [0x00000219efaef240, 0x00000219efaeff48]

GC Heap History (20 events):
Event: 141.900 GC heap before
{Heap before GC invocations=114 (full 0):
 garbage-first heap   total 851968K, used 722686K [0x0000000080000000, 0x0000000100000000)
  region size 1024K, 205 young (209920K), 26 survivors (26624K)
 Metaspace       used 336335K, committed 339712K, reserved 753664K
  class space    used 42271K, committed 43776K, reserved 425984K
}
Event: 141.930 GC heap after
{Heap after GC invocations=115 (full 0):
 garbage-first heap   total 851968K, used 560264K [0x0000000080000000, 0x0000000100000000)
  region size 1024K, 21 young (21504K), 21 survivors (21504K)
 Metaspace       used 336335K, committed 339712K, reserved 753664K
  class space    used 42271K, committed 43776K, reserved 425984K
}
Event: 143.286 GC heap before
{Heap before GC invocations=115 (full 0):
 garbage-first heap   total 851968K, used 724104K [0x0000000080000000, 0x0000000100000000)
  region size 1024K, 178 young (182272K), 21 survivors (21504K)
 Metaspace       used 344396K, committed 347712K, reserved 753664K
  class space    used 43293K, committed 44800K, reserved 425984K
}
Event: 143.309 GC heap after
{Heap after GC invocations=116 (full 0):
 garbage-first heap   total 851968K, used 576304K [0x0000000080000000, 0x0000000100000000)
  region size 1024K, 18 young (18432K), 18 survivors (18432K)
 Metaspace       used 344396K, committed 347712K, reserved 753664K
  class space    used 43293K, committed 44800K, reserved 425984K
}
Event: 145.428 GC heap before
{Heap before GC invocations=116 (full 0):
 garbage-first heap   total 851968K, used 721712K [0x0000000080000000, 0x0000000100000000)
  region size 1024K, 159 young (162816K), 18 survivors (18432K)
 Metaspace       used 353224K, committed 356608K, reserved 753664K
  class space    used 44447K, committed 45952K, reserved 425984K
}
Event: 145.449 GC heap after
{Heap after GC invocations=117 (full 0):
 garbage-first heap   total 851968K, used 595028K [0x0000000080000000, 0x0000000100000000)
  region size 1024K, 20 young (20480K), 20 survivors (20480K)
 Metaspace       used 353224K, committed 356608K, reserved 753664K
  class space    used 44447K, committed 45952K, reserved 425984K
}
Event: 145.713 GC heap before
{Heap before GC invocations=117 (full 0):
 garbage-first heap   total 851968K, used 611412K [0x0000000080000000, 0x0000000100000000)
  region size 1024K, 38 young (38912K), 20 survivors (20480K)
 Metaspace       used 354399K, committed 357824K, reserved 753664K
  class space    used 44608K, committed 46144K, reserved 425984K
}
Event: 145.731 GC heap after
{Heap after GC invocations=118 (full 0):
 garbage-first heap   total 851968K, used 599086K [0x0000000080000000, 0x0000000100000000)
  region size 1024K, 4 young (4096K), 4 survivors (4096K)
 Metaspace       used 354399K, committed 357824K, reserved 753664K
  class space    used 44608K, committed 46144K, reserved 425984K
}
Event: 150.964 GC heap before
{Heap before GC invocations=119 (full 0):
 garbage-first heap   total 1107968K, used 698414K [0x0000000080000000, 0x0000000100000000)
  region size 1024K, 102 young (104448K), 4 survivors (4096K)
 Metaspace       used 356588K, committed 360064K, reserved 753664K
  class space    used 44914K, committed 46464K, reserved 425984K
}
Event: 151.001 GC heap after
{Heap after GC invocations=120 (full 0):
 garbage-first heap   total 1107968K, used 612939K [0x0000000080000000, 0x0000000100000000)
  region size 1024K, 13 young (13312K), 13 survivors (13312K)
 Metaspace       used 356588K, committed 360064K, reserved 753664K
  class space    used 44914K, committed 46464K, reserved 425984K
}
Event: 152.038 GC heap before
{Heap before GC invocations=120 (full 0):
 garbage-first heap   total 1107968K, used 656971K [0x0000000080000000, 0x0000000100000000)
  region size 1024K, 54 young (55296K), 13 survivors (13312K)
 Metaspace       used 356799K, committed 360192K, reserved 753664K
  class space    used 44930K, committed 46464K, reserved 425984K
}
Event: 152.073 GC heap after
{Heap after GC invocations=121 (full 0):
 garbage-first heap   total 1107968K, used 590723K [0x0000000080000000, 0x0000000100000000)
  region size 1024K, 7 young (7168K), 7 survivors (7168K)
 Metaspace       used 356799K, committed 360192K, reserved 753664K
  class space    used 44930K, committed 46464K, reserved 425984K
}
Event: 163.776 GC heap before
{Heap before GC invocations=121 (full 0):
 garbage-first heap   total 1107968K, used 879491K [0x0000000080000000, 0x0000000100000000)
  region size 1024K, 289 young (295936K), 7 survivors (7168K)
 Metaspace       used 371320K, committed 374656K, reserved 753664K
  class space    used 46661K, committed 48192K, reserved 425984K
}
Event: 163.906 GC heap after
{Heap after GC invocations=122 (full 0):
 garbage-first heap   total 1107968K, used 635027K [0x0000000080000000, 0x0000000100000000)
  region size 1024K, 37 young (37888K), 37 survivors (37888K)
 Metaspace       used 371320K, committed 374656K, reserved 753664K
  class space    used 46661K, committed 48192K, reserved 425984K
}
Event: 169.553 GC heap before
{Heap before GC invocations=123 (full 0):
 garbage-first heap   total 1246208K, used 897171K [0x0000000080000000, 0x0000000100000000)
  region size 1024K, 276 young (282624K), 37 survivors (37888K)
 Metaspace       used 382201K, committed 385536K, reserved 819200K
  class space    used 48316K, committed 49792K, reserved 425984K
}
Event: 169.984 GC heap after
{Heap after GC invocations=124 (full 0):
 garbage-first heap   total 1246208K, used 663064K [0x0000000080000000, 0x0000000100000000)
  region size 1024K, 30 young (30720K), 30 survivors (30720K)
 Metaspace       used 382201K, committed 385536K, reserved 819200K
  class space    used 48316K, committed 49792K, reserved 425984K
}
Event: 170.258 GC heap before
{Heap before GC invocations=124 (full 0):
 garbage-first heap   total 1246208K, used 692760K [0x0000000080000000, 0x0000000100000000)
  region size 1024K, 60 young (61440K), 30 survivors (30720K)
 Metaspace       used 382554K, committed 385920K, reserved 819200K
  class space    used 48351K, committed 49856K, reserved 425984K
}
Event: 170.420 GC heap after
{Heap after GC invocations=125 (full 0):
 garbage-first heap   total 1246208K, used 654078K [0x0000000080000000, 0x0000000100000000)
  region size 1024K, 5 young (5120K), 5 survivors (5120K)
 Metaspace       used 382554K, committed 385920K, reserved 819200K
  class space    used 48351K, committed 49856K, reserved 425984K
}
Event: 178.733 GC heap before
{Heap before GC invocations=125 (full 0):
 garbage-first heap   total 1246208K, used 987902K [0x0000000080000000, 0x0000000100000000)
  region size 1024K, 332 young (339968K), 5 survivors (5120K)
 Metaspace       used 391345K, committed 394688K, reserved 819200K
  class space    used 49243K, committed 50752K, reserved 425984K
}
Event: 178.771 GC heap after
{Heap after GC invocations=126 (full 0):
 garbage-first heap   total 1246208K, used 673163K [0x0000000080000000, 0x0000000100000000)
  region size 1024K, 24 young (24576K), 24 survivors (24576K)
 Metaspace       used 391345K, committed 394688K, reserved 819200K
  class space    used 49243K, committed 50752K, reserved 425984K
}

Dll operation events (17 events):
Event: 0.010 Loaded shared library C:\Program Files\Eclipse Adoptium\jdk-17.0.17.10-hotspot\bin\java.dll
Event: 0.050 Loaded shared library C:\Program Files\Eclipse Adoptium\jdk-17.0.17.10-hotspot\bin\jsvml.dll
Event: 0.336 Loaded shared library C:\Program Files\Eclipse Adoptium\jdk-17.0.17.10-hotspot\bin\zip.dll
Event: 0.345 Loaded shared library C:\Program Files\Eclipse Adoptium\jdk-17.0.17.10-hotspot\bin\instrument.dll
Event: 0.356 Loaded shared library C:\Program Files\Eclipse Adoptium\jdk-17.0.17.10-hotspot\bin\net.dll
Event: 0.359 Loaded shared library C:\Program Files\Eclipse Adoptium\jdk-17.0.17.10-hotspot\bin\nio.dll
Event: 0.365 Loaded shared library C:\Program Files\Eclipse Adoptium\jdk-17.0.17.10-hotspot\bin\zip.dll
Event: 1.130 Loaded shared library C:\Program Files\Eclipse Adoptium\jdk-17.0.17.10-hotspot\bin\jimage.dll
Event: 1.637 Loaded shared library C:\Program Files\Eclipse Adoptium\jdk-17.0.17.10-hotspot\bin\verify.dll
Event: 1.778 Loaded shared library C:\Users\MSI\.gradle\native\1def1411415f61bf3af743bc5b6707747c0891f09f0c88961ee8f79bc544acac\windows-amd64\native-platform.dll
Event: 1.791 Loaded shared library C:\Users\MSI\.gradle\native\0.2.7\x86_64-windows-gnu\gradle-fileevents.dll
Event: 3.624 Loaded shared library C:\Program Files\Eclipse Adoptium\jdk-17.0.17.10-hotspot\bin\management.dll
Event: 3.629 Loaded shared library C:\Program Files\Eclipse Adoptium\jdk-17.0.17.10-hotspot\bin\management_ext.dll
Event: 3.982 Loaded shared library C:\Program Files\Eclipse Adoptium\jdk-17.0.17.10-hotspot\bin\extnet.dll
Event: 4.308 Loaded shared library C:\Program Files\Eclipse Adoptium\jdk-17.0.17.10-hotspot\bin\sunmscapi.dll
Event: 81.896 Loaded shared library C:\Program Files\Eclipse Adoptium\jdk-17.0.17.10-hotspot\bin\rmi.dll
Event: 127.860 Loaded shared library C:\Program Files\Eclipse Adoptium\jdk-17.0.17.10-hotspot\bin\awt.dll

Deoptimization events (20 events):
Event: 185.676 Thread 0x00000219a1e68f00 DEOPT PACKING pc=0x00000219f2b26b50 sp=0x0000002a782fb860
Event: 185.676 Thread 0x00000219a1e68f00 DEOPT UNPACKING pc=0x00000219f02d69a3 sp=0x0000002a782fb838 mode 2
Event: 185.676 Thread 0x00000219a1e68f00 Uncommon trap: trap_request=0xffffffc6 fr.pc=0x00000219f2b26b50 relative=0x0000000000000970
Event: 185.676 Thread 0x00000219a1e68f00 Uncommon trap: reason=bimorphic_or_optimized_type_check action=maybe_recompile pc=0x00000219f2b26b50 method=org.jetbrains.uast.visitor.UastVisitor.visitCallExpression(Lorg/jetbrains/uast/UCallExpression;)Z @ 11 c2
Event: 185.676 Thread 0x00000219a1e68f00 DEOPT PACKING pc=0x00000219f2b26b50 sp=0x0000002a782fb8d0
Event: 185.676 Thread 0x00000219a1e68f00 DEOPT UNPACKING pc=0x00000219f02d69a3 sp=0x0000002a782fb8a8 mode 2
Event: 185.676 Thread 0x00000219a1e68f00 Uncommon trap: trap_request=0xffffffc6 fr.pc=0x00000219f22c66d0 relative=0x0000000000000970
Event: 185.676 Thread 0x00000219a1e68f00 Uncommon trap: reason=bimorphic_or_optimized_type_check action=maybe_recompile pc=0x00000219f22c66d0 method=org.jetbrains.uast.visitor.UastVisitor.visitSimpleNameReferenceExpression(Lorg/jetbrains/uast/USimpleNameReferenceExpression;)Z @ 11 c2
Event: 185.676 Thread 0x00000219a1e68f00 DEOPT PACKING pc=0x00000219f22c66d0 sp=0x0000002a782fba10
Event: 185.676 Thread 0x00000219a1e68f00 DEOPT UNPACKING pc=0x00000219f02d69a3 sp=0x0000002a782fb9e8 mode 2
Event: 185.676 Thread 0x00000219a1e68f00 Uncommon trap: trap_request=0xffffffc6 fr.pc=0x00000219f2d0bf68 relative=0x0000000000000988
Event: 185.676 Thread 0x00000219a1e68f00 Uncommon trap: reason=bimorphic_or_optimized_type_check action=maybe_recompile pc=0x00000219f2d0bf68 method=org.jetbrains.uast.visitor.UastVisitor.visitVariable(Lorg/jetbrains/uast/UVariable;)Z @ 11 c2
Event: 185.676 Thread 0x00000219a1e68f00 DEOPT PACKING pc=0x00000219f2d0bf68 sp=0x0000002a782fb7d0
Event: 185.676 Thread 0x00000219a1e68f00 DEOPT UNPACKING pc=0x00000219f02d69a3 sp=0x0000002a782fb7a8 mode 2
Event: 185.676 Thread 0x00000219a1e68f00 Uncommon trap: trap_request=0xffffffc6 fr.pc=0x00000219f2b26b50 relative=0x0000000000000970
Event: 185.676 Thread 0x00000219a1e68f00 Uncommon trap: reason=bimorphic_or_optimized_type_check action=maybe_recompile pc=0x00000219f2b26b50 method=org.jetbrains.uast.visitor.UastVisitor.visitCallExpression(Lorg/jetbrains/uast/UCallExpression;)Z @ 11 c2
Event: 185.676 Thread 0x00000219a1e68f00 DEOPT PACKING pc=0x00000219f2b26b50 sp=0x0000002a782fb7b0
Event: 185.676 Thread 0x00000219a1e68f00 DEOPT UNPACKING pc=0x00000219f02d69a3 sp=0x0000002a782fb788 mode 2
Event: 185.793 Thread 0x00000219a1e68f00 DEOPT PACKING pc=0x00000219ebe51639 sp=0x0000002a782fb870
Event: 185.793 Thread 0x00000219a1e68f00 DEOPT UNPACKING pc=0x00000219f02d7143 sp=0x0000002a782fad98 mode 3

Classes loaded (20 events):
Event: 179.709 Loading class java/util/Test
Event: 179.709 Loading class java/util/Test done
Event: 179.709 Loading class java/io/Test
Event: 179.709 Loading class java/io/Test done
Event: 179.709 Loading class java/net/Test
Event: 179.709 Loading class java/net/Test done
Event: 179.710 Loading class java/lang/Object$FAILED
Event: 179.710 Loading class java/lang/Object$FAILED done
Event: 179.710 Loading class java/lang/Object$PASSED
Event: 179.710 Loading class java/lang/Object$PASSED done
Event: 179.710 Loading class java/lang/Object$SKIPPED
Event: 179.710 Loading class java/lang/Object$SKIPPED done
Event: 179.710 Loading class java/lang/Object$STANDARD_OUT
Event: 179.710 Loading class java/lang/Object$STANDARD_OUT done
Event: 179.711 Loading class java/lang/Object$FULL
Event: 179.711 Loading class java/lang/Object$FULL done
Event: 179.711 Loading class java/lang/Object$STARTED
Event: 179.711 Loading class java/lang/Object$STARTED done
Event: 179.712 Loading class java/lang/Object$STANDARD_ERROR
Event: 179.712 Loading class java/lang/Object$STANDARD_ERROR done

Classes unloaded (20 events):
Event: 147.924 Thread 0x00000219ffb3cc50 Unloading class 0x0000021982c5ab98 'jdk/internal/jimage/ImageHeader'
Event: 147.924 Thread 0x00000219ffb3cc50 Unloading class 0x0000021982c5a968 'jdk/internal/jimage/BasicImageReader$2'
Event: 147.924 Thread 0x00000219ffb3cc50 Unloading class 0x0000021982c5a738 'jdk/internal/jimage/BasicImageReader$1'
Event: 147.924 Thread 0x00000219ffb3cc50 Unloading class 0x0000021982c5a4d0 'jdk/internal/jimage/ImageReader$Resource'
Event: 147.924 Thread 0x00000219ffb3cc50 Unloading class 0x0000021982c5a268 'jdk/internal/jimage/ImageReader$LinkNode'
Event: 147.924 Thread 0x00000219ffb3cc50 Unloading class 0x0000021982c5a000 'jdk/internal/jimage/ImageReader$Directory'
Event: 147.924 Thread 0x00000219ffb3cc50 Unloading class 0x0000021982c59d28 'jdk/internal/jimage/ImageReader$Node'
Event: 147.924 Thread 0x00000219ffb3cc50 Unloading class 0x0000021982c59b30 'jdk/internal/jimage/ImageStrings'
Event: 147.924 Thread 0x00000219ffb3cc50 Unloading class 0x0000021982c59870 'jdk/internal/jimage/ImageReader$SharedImageReader'
Event: 147.924 Thread 0x00000219ffb3cc50 Unloading class 0x0000021982c595b0 'jdk/internal/jimage/BasicImageReader'
Event: 147.924 Thread 0x00000219ffb3cc50 Unloading class 0x0000021982c59390 'jdk/internal/jimage/ImageReader'
Event: 147.924 Thread 0x00000219ffb3cc50 Unloading class 0x0000021982c59168 'jdk/internal/jrtfs/SystemImage$2'
Event: 147.924 Thread 0x00000219ffb3cc50 Unloading class 0x0000021982c58f50 'jdk/internal/jrtfs/SystemImage$$Lambda$4774+0x0000021982c58f50'
Event: 147.924 Thread 0x00000219ffb3cc50 Unloading class 0x0000021982c58d20 'jdk/internal/jrtfs/ExplodedImage'
Event: 147.924 Thread 0x00000219ffb3cc50 Unloading class 0x0000021982c58ae8 'jdk/internal/jrtfs/SystemImage$1'
Event: 147.924 Thread 0x00000219ffb3cc50 Unloading class 0x0000021982c588d0 'jdk/internal/jrtfs/SystemImage'
Event: 147.924 Thread 0x00000219ffb3cc50 Unloading class 0x0000021982c58670 'jdk/internal/jrtfs/JrtFileStore'
Event: 147.924 Thread 0x00000219ffb3cc50 Unloading class 0x0000021982c582f8 'jdk/internal/jrtfs/JrtPath'
Event: 147.924 Thread 0x00000219ffb3cc50 Unloading class 0x0000021982c58000 'jdk/internal/jrtfs/JrtFileSystem'
Event: 147.924 Thread 0x00000219ffb3cc50 Unloading class 0x0000021982c48400 'jdk/internal/jrtfs/JrtFileSystemProvider'

Classes redefined (0 events):
No events

Internal exceptions (20 events):
Event: 180.279 Thread 0x00000219a4a5ce30 Exception <a 'sun/nio/fs/WindowsException'{0x00000000cc0e17f8}> (0x00000000cc0e17f8) 
thrown [s\src\hotspot\share\prims\jni.cpp, line 516]
Event: 180.301 Thread 0x00000219a4a5ce30 Exception <a 'sun/nio/fs/WindowsException'{0x00000000cc0e3d60}> (0x00000000cc0e3d60) 
thrown [s\src\hotspot\share\prims\jni.cpp, line 516]
Event: 180.307 Thread 0x00000219a4a5ce30 Exception <a 'sun/nio/fs/WindowsException'{0x00000000cc0e62c0}> (0x00000000cc0e62c0) 
thrown [s\src\hotspot\share\prims\jni.cpp, line 516]
Event: 180.308 Thread 0x00000219a4a5ce30 Exception <a 'sun/nio/fs/WindowsException'{0x00000000cc0e8770}> (0x00000000cc0e8770) 
thrown [s\src\hotspot\share\prims\jni.cpp, line 516]
Event: 180.311 Thread 0x00000219a4a5ce30 Exception <a 'sun/nio/fs/WindowsException'{0x00000000cc0eac80}> (0x00000000cc0eac80) 
thrown [s\src\hotspot\share\prims\jni.cpp, line 516]
Event: 180.561 Thread 0x00000219a62e1500 Exception <a 'sun/nio/fs/WindowsException'{0x00000000bd7ab680}> (0x00000000bd7ab680) 
thrown [s\src\hotspot\share\prims\jni.cpp, line 516]
Event: 180.609 Thread 0x00000219a62e1500 Exception <a 'sun/nio/fs/WindowsException'{0x00000000bd7d0cf0}> (0x00000000bd7d0cf0) 
thrown [s\src\hotspot\share\prims\jni.cpp, line 516]
Event: 180.890 Thread 0x00000219a62e1500 Exception <a 'sun/nio/fs/WindowsException'{0x00000000bd434068}> (0x00000000bd434068) 
thrown [s\src\hotspot\share\prims\jni.cpp, line 516]
Event: 181.563 Thread 0x00000219a1e68f00 Exception <a 'java/lang/NoSuchMethodError'{0x00000000bce58e90}: 'int java.lang.invoke.DirectMethodHandle$Holder.invokeSpecial(java.lang.Object, java.lang.Object, java.lang.Object, java.lang.Object, java.lang.Object, java.lang.Object, java.lang.Object, java.lang.Object)'> (0x00000000bce58e90) 
thrown [s\src\hotspot\share\interpreter\linkResolver.cpp, line 759]
Event: 182.528 Thread 0x00000219a4a61510 Exception <a 'sun/nio/fs/WindowsException'{0x00000000bcf15648}> (0x00000000bcf15648) 
thrown [s\src\hotspot\share\prims\jni.cpp, line 516]
Event: 182.557 Thread 0x00000219a4a61510 Exception <a 'sun/nio/fs/WindowsException'{0x00000000bcf2d870}> (0x00000000bcf2d870) 
thrown [s\src\hotspot\share\prims\jni.cpp, line 516]
Event: 182.557 Thread 0x00000219a4a61510 Exception <a 'sun/nio/fs/WindowsException'{0x00000000bcf2e768}> (0x00000000bcf2e768) 
thrown [s\src\hotspot\share\prims\jni.cpp, line 516]
Event: 182.557 Thread 0x00000219a4a61510 Exception <a 'sun/nio/fs/WindowsException'{0x00000000bcf2e928}> (0x00000000bcf2e928) 
thrown [s\src\hotspot\share\prims\jni.cpp, line 516]
Event: 182.595 Thread 0x00000219a4a61510 Exception <a 'sun/nio/fs/WindowsException'{0x00000000bcf54250}> (0x00000000bcf54250) 
thrown [s\src\hotspot\share\prims\jni.cpp, line 516]
Event: 182.595 Thread 0x00000219a4a61510 Exception <a 'sun/nio/fs/WindowsException'{0x00000000bcf56678}> (0x00000000bcf56678) 
thrown [s\src\hotspot\share\prims\jni.cpp, line 516]
Event: 182.595 Thread 0x00000219a4a61510 Exception <a 'sun/nio/fs/WindowsException'{0x00000000bcf58658}> (0x00000000bcf58658) 
thrown [s\src\hotspot\share\prims\jni.cpp, line 516]
Event: 182.595 Thread 0x00000219a4a61510 Exception <a 'sun/nio/fs/WindowsException'{0x00000000bcf5a610}> (0x00000000bcf5a610) 
thrown [s\src\hotspot\share\prims\jni.cpp, line 516]
Event: 182.709 Thread 0x00000219a4a61510 Exception <a 'sun/nio/fs/WindowsException'{0x00000000bbcafae0}> (0x00000000bbcafae0) 
thrown [s\src\hotspot\share\prims\jni.cpp, line 516]
Event: 183.534 Thread 0x00000219a1e68f00 Implicit null exception at 0x00000219f2b81f4f to 0x00000219f2b82015
Event: 185.694 Thread 0x00000219a1e68f00 Exception <a 'java/lang/NoSuchMethodError'{0x00000000b8730438}: 'int java.lang.invoke.DirectMethodHandle$Holder.invokeStaticInit(java.lang.Object, java.lang.Object, java.lang.Object, int, int)'> (0x00000000b8730438) 
thrown [s\src\hotspot\share\interpreter\linkResolver.cpp, line 759]

VM Operations (20 events):
Event: 182.757 Executing VM operation: HandshakeAllThreads
Event: 182.760 Executing VM operation: HandshakeAllThreads done
Event: 182.903 Executing VM operation: HandshakeAllThreads
Event: 182.904 Executing VM operation: HandshakeAllThreads done
Event: 183.051 Executing VM operation: ICBufferFull
Event: 183.052 Executing VM operation: ICBufferFull done
Event: 183.594 Executing VM operation: ICBufferFull
Event: 183.651 Executing VM operation: ICBufferFull done
Event: 184.383 Executing VM operation: ICBufferFull
Event: 184.444 Executing VM operation: ICBufferFull done
Event: 185.445 Executing VM operation: Cleanup
Event: 185.474 Executing VM operation: Cleanup done
Event: 185.643 Executing VM operation: HandshakeAllThreads
Event: 185.668 Executing VM operation: HandshakeAllThreads done
Event: 185.724 Executing VM operation: HandshakeAllThreads
Event: 185.783 Executing VM operation: HandshakeAllThreads done
Event: 185.783 Executing VM operation: HandshakeAllThreads
Event: 185.784 Executing VM operation: HandshakeAllThreads done
Event: 185.801 Executing VM operation: HandshakeAllThreads
Event: 185.819 Executing VM operation: HandshakeAllThreads done

Memory protections (0 events):
No events

Nmethod flushes (20 events):
Event: 183.025 Thread 0x000002199f00b2a0 flushing  nmethod 0x00000219ef78bd90
Event: 183.025 Thread 0x000002199f00b2a0 flushing  nmethod 0x00000219ef793b10
Event: 183.025 Thread 0x000002199f00b2a0 flushing  nmethod 0x00000219ef7dcf10
Event: 183.025 Thread 0x000002199f00b2a0 flushing  nmethod 0x00000219ef7dd410
Event: 183.025 Thread 0x000002199f00b2a0 flushing  nmethod 0x00000219ef7dda10
Event: 183.025 Thread 0x000002199f00b2a0 flushing  nmethod 0x00000219ef7de590
Event: 183.025 Thread 0x000002199f00b2a0 flushing  nmethod 0x00000219ef847c90
Event: 183.025 Thread 0x000002199f00b2a0 flushing  nmethod 0x00000219ef855790
Event: 185.820 Thread 0x000002199f00b2a0 flushing  nmethod 0x00000219e956bb10
Event: 185.827 Thread 0x000002199f00b2a0 flushing  nmethod 0x00000219e9d10090
Event: 185.852 Thread 0x000002199f00b2a0 flushing  nmethod 0x00000219eb7edb90
Event: 185.865 Thread 0x000002199f00b2a0 flushing  nmethod 0x00000219ec550710
Event: 185.867 Thread 0x000002199f00b2a0 flushing  nmethod 0x00000219ec7fcb90
Event: 185.873 Thread 0x000002199f00b2a0 flushing  nmethod 0x00000219ecbc8190
Event: 185.874 Thread 0x000002199f00b2a0 flushing  nmethod 0x00000219ecd0c890
Event: 185.881 Thread 0x000002199f00b2a0 flushing  nmethod 0x00000219ed52cb90
Event: 185.881 Thread 0x000002199f00b2a0 flushing  nmethod 0x00000219ed61d410
Event: 185.882 Thread 0x000002199f00b2a0 flushing  nmethod 0x00000219ed6e8b10
Event: 185.883 Thread 0x000002199f00b2a0 flushing  nmethod 0x00000219ed813690
Event: 185.885 Thread 0x000002199f00b2a0 flushing  nmethod 0x00000219eda9da90

Events (20 events):
Event: 176.738 Thread 0x00000219a3499e30 Thread exited: 0x00000219a3499e30
Event: 176.740 Thread 0x00000219a35a73f0 Thread exited: 0x00000219a35a73f0
Event: 177.675 Thread 0x00000219a35a3c40 Thread added: 0x00000219aecd1000
Event: 177.677 Thread 0x00000219a35a3c40 Thread added: 0x00000219aecd42a0
Event: 178.171 Thread 0x00000219a1edee60 Thread exited: 0x00000219a1edee60
Event: 179.860 Thread 0x00000219a62e1500 Thread added: 0x00000219b539dd80
Event: 179.926 Thread 0x00000219b539dd80 Thread exited: 0x00000219b539dd80
Event: 180.028 Thread 0x00000219a62e1500 Thread added: 0x00000219aceaf500
Event: 180.707 Thread 0x00000219a62e1500 Thread added: 0x00000219b539d870
Event: 180.735 Thread 0x00000219b539d870 Thread exited: 0x00000219b539d870
Event: 180.792 Thread 0x00000219afa0f010 Thread exited: 0x00000219afa0f010
Event: 180.836 Thread 0x00000219b9549600 Thread exited: 0x00000219b9549600
Event: 180.843 Thread 0x00000219a62e1500 Thread added: 0x00000219a3499e30
Event: 180.861 Thread 0x00000219a3499e30 Thread exited: 0x00000219a3499e30
Event: 181.451 Thread 0x000002199f008890 Thread added: 0x00000219adae74c0
Event: 181.465 Thread 0x000002199f008890 Thread added: 0x00000219b954e060
Event: 184.054 Thread 0x00000219b954e060 Thread exited: 0x00000219b954e060
Event: 184.166 Thread 0x00000219adae74c0 Thread exited: 0x00000219adae74c0
Event: 184.533 Thread 0x000002199f008890 Thread added: 0x00000219b8944dc0
Event: 185.066 Thread 0x00000219aceaf500 Thread exited: 0x00000219aceaf500


Dynamic libraries:
0x00007ff77a280000 - 0x00007ff77a28e000 	C:\Program Files\Eclipse Adoptium\jdk-17.0.17.10-hotspot\bin\java.exe
0x00007ffc543f0000 - 0x00007ffc545e8000 	C:\Windows\SYSTEM32\ntdll.dll
0x00007ffc53d40000 - 0x00007ffc53e02000 	C:\Windows\System32\KERNEL32.DLL
0x00007ffc52090000 - 0x00007ffc52386000 	C:\Windows\System32\KERNELBASE.dll
0x00007ffc51b20000 - 0x00007ffc51c20000 	C:\Windows\System32\ucrtbase.dll
0x00007ffc3d2a0000 - 0x00007ffc3d2be000 	C:\Program Files\Eclipse Adoptium\jdk-17.0.17.10-hotspot\bin\VCRUNTIME140.dll
0x00007ffc3d230000 - 0x00007ffc3d248000 	C:\Program Files\Eclipse Adoptium\jdk-17.0.17.10-hotspot\bin\jli.dll
0x00007ffc52720000 - 0x00007ffc528c1000 	C:\Windows\System32\USER32.dll
0x00007ffc51cd0000 - 0x00007ffc51cf2000 	C:\Windows\System32\win32u.dll
0x00007ffc402c0000 - 0x00007ffc4055b000 	C:\Windows\WinSxS\amd64_microsoft.windows.common-controls_6595b64144ccf1df_6.0.19041.6456_none_60b8a6cb71f64256\COMCTL32.dll
0x00007ffc52670000 - 0x00007ffc5269b000 	C:\Windows\System32\GDI32.dll
0x00007ffc53c30000 - 0x00007ffc53cce000 	C:\Windows\System32\msvcrt.dll
0x00007ffc51ef0000 - 0x00007ffc52009000 	C:\Windows\System32\gdi32full.dll
0x00007ffc51a80000 - 0x00007ffc51b1d000 	C:\Windows\System32\msvcp_win.dll
0x00007ffc54380000 - 0x00007ffc543af000 	C:\Windows\System32\IMM32.DLL
0x00007ffc3f8d0000 - 0x00007ffc3f8dc000 	C:\Program Files\Eclipse Adoptium\jdk-17.0.17.10-hotspot\bin\vcruntime140_1.dll
0x00007ffc01300000 - 0x00007ffc0138d000 	C:\Program Files\Eclipse Adoptium\jdk-17.0.17.10-hotspot\bin\msvcp140.dll
0x00007ffbd0a40000 - 0x00007ffbd16ab000 	C:\Program Files\Eclipse Adoptium\jdk-17.0.17.10-hotspot\bin\server\jvm.dll
0x00007ffc54080000 - 0x00007ffc54131000 	C:\Windows\System32\ADVAPI32.dll
0x00007ffc531b0000 - 0x00007ffc5324f000 	C:\Windows\System32\sechost.dll
0x00007ffc54140000 - 0x00007ffc54260000 	C:\Windows\System32\RPCRT4.dll
0x00007ffc52390000 - 0x00007ffc523b7000 	C:\Windows\System32\bcrypt.dll
0x00007ffc54310000 - 0x00007ffc5437b000 	C:\Windows\System32\WS2_32.dll
0x00007ffc50fb0000 - 0x00007ffc50ffb000 	C:\Windows\SYSTEM32\POWRPROF.dll
0x00007ffc46d80000 - 0x00007ffc46da7000 	C:\Windows\SYSTEM32\WINMM.dll
0x00007ffc4ad70000 - 0x00007ffc4ad7a000 	C:\Windows\SYSTEM32\VERSION.dll
0x00007ffc50e80000 - 0x00007ffc50e92000 	C:\Windows\SYSTEM32\UMPDC.dll
0x00007ffc50290000 - 0x00007ffc502a2000 	C:\Windows\SYSTEM32\kernel.appcore.dll
0x00007ffc3dc70000 - 0x00007ffc3dc7a000 	C:\Program Files\Eclipse Adoptium\jdk-17.0.17.10-hotspot\bin\jimage.dll
0x00007ffc4f8a0000 - 0x00007ffc4faa1000 	C:\Windows\SYSTEM32\DBGHELP.DLL
0x00007ffc39020000 - 0x00007ffc39054000 	C:\Windows\SYSTEM32\dbgcore.DLL
0x00007ffc51e60000 - 0x00007ffc51ee2000 	C:\Windows\System32\bcryptPrimitives.dll
0x00007ffc3adf0000 - 0x00007ffc3adfe000 	C:\Program Files\Eclipse Adoptium\jdk-17.0.17.10-hotspot\bin\instrument.dll
0x00007ffc1d970000 - 0x00007ffc1d995000 	C:\Program Files\Eclipse Adoptium\jdk-17.0.17.10-hotspot\bin\java.dll
0x00007ffbeb240000 - 0x00007ffbeb317000 	C:\Program Files\Eclipse Adoptium\jdk-17.0.17.10-hotspot\bin\jsvml.dll
0x00007ffc528f0000 - 0x00007ffc53060000 	C:\Windows\System32\SHELL32.dll
0x00007ffc4fad0000 - 0x00007ffc50275000 	C:\Windows\SYSTEM32\windows.storage.dll
0x00007ffc536c0000 - 0x00007ffc53a14000 	C:\Windows\System32\combase.dll
0x00007ffc514b0000 - 0x00007ffc514db000 	C:\Windows\SYSTEM32\Wldp.dll
0x00007ffc53f50000 - 0x00007ffc5401d000 	C:\Windows\System32\OLEAUT32.dll
0x00007ffc53060000 - 0x00007ffc5310d000 	C:\Windows\System32\SHCORE.dll
0x00007ffc53bd0000 - 0x00007ffc53c2b000 	C:\Windows\System32\shlwapi.dll
0x00007ffc519b0000 - 0x00007ffc519d4000 	C:\Windows\SYSTEM32\profapi.dll
0x00007ffc3aca0000 - 0x00007ffc3acb8000 	C:\Program Files\Eclipse Adoptium\jdk-17.0.17.10-hotspot\bin\zip.dll
0x00007ffc25200000 - 0x00007ffc2521a000 	C:\Program Files\Eclipse Adoptium\jdk-17.0.17.10-hotspot\bin\net.dll
0x00007ffc4daf0000 - 0x00007ffc4dbfa000 	C:\Windows\SYSTEM32\WINHTTP.dll
0x00007ffc51210000 - 0x00007ffc5127a000 	C:\Windows\system32\mswsock.dll
0x00007ffc1d950000 - 0x00007ffc1d966000 	C:\Program Files\Eclipse Adoptium\jdk-17.0.17.10-hotspot\bin\nio.dll
0x00007ffc34dd0000 - 0x00007ffc34de0000 	C:\Program Files\Eclipse Adoptium\jdk-17.0.17.10-hotspot\bin\verify.dll
0x00007ffc12310000 - 0x00007ffc12337000 	C:\Users\MSI\.gradle\native\1def1411415f61bf3af743bc5b6707747c0891f09f0c88961ee8f79bc544acac\windows-amd64\native-platform.dll
0x00007ffbe76b0000 - 0x00007ffbe7728000 	C:\Users\MSI\.gradle\native\0.2.7\x86_64-windows-gnu\gradle-fileevents.dll
0x00007ffc1d840000 - 0x00007ffc1d84a000 	C:\Program Files\Eclipse Adoptium\jdk-17.0.17.10-hotspot\bin\management.dll
0x00007ffc1d830000 - 0x00007ffc1d83c000 	C:\Program Files\Eclipse Adoptium\jdk-17.0.17.10-hotspot\bin\management_ext.dll
0x00007ffc53d30000 - 0x00007ffc53d38000 	C:\Windows\System32\PSAPI.DLL
0x00007ffc50ea0000 - 0x00007ffc50edb000 	C:\Windows\SYSTEM32\IPHLPAPI.DLL
0x00007ffc53110000 - 0x00007ffc53118000 	C:\Windows\System32\NSI.dll
0x00007ffc4b6a0000 - 0x00007ffc4b6b7000 	C:\Windows\SYSTEM32\dhcpcsvc6.DLL
0x00007ffc4b9b0000 - 0x00007ffc4b9cd000 	C:\Windows\SYSTEM32\dhcpcsvc.DLL
0x00007ffc50ee0000 - 0x00007ffc50faa000 	C:\Windows\SYSTEM32\DNSAPI.dll
0x00007ffc3ac90000 - 0x00007ffc3ac99000 	C:\Program Files\Eclipse Adoptium\jdk-17.0.17.10-hotspot\bin\extnet.dll
0x00007ffc51410000 - 0x00007ffc51428000 	C:\Windows\SYSTEM32\CRYPTSP.dll
0x00007ffc50ac0000 - 0x00007ffc50af8000 	C:\Windows\system32\rsaenh.dll
0x00007ffc51970000 - 0x00007ffc5199e000 	C:\Windows\SYSTEM32\USERENV.dll
0x00007ffc51400000 - 0x00007ffc5140c000 	C:\Windows\SYSTEM32\CRYPTBASE.dll
0x00007ffc3ac80000 - 0x00007ffc3ac8e000 	C:\Program Files\Eclipse Adoptium\jdk-17.0.17.10-hotspot\bin\sunmscapi.dll
0x00007ffc51d00000 - 0x00007ffc51e5d000 	C:\Windows\System32\CRYPT32.dll
0x00007ffc51520000 - 0x00007ffc51547000 	C:\Windows\SYSTEM32\ncrypt.dll
0x00007ffc514e0000 - 0x00007ffc5151b000 	C:\Windows\SYSTEM32\NTASN1.dll
0x00007ffbc61c0000 - 0x00007ffbc61c7000 	C:\Windows\system32\wshunix.dll
0x00007ffc28f40000 - 0x00007ffc28f57000 	C:\Windows\system32\napinsp.dll
0x00007ffc278f0000 - 0x00007ffc2790b000 	C:\Windows\system32\pnrpnsp.dll
0x00007ffc278d0000 - 0x00007ffc278ed000 	C:\Windows\system32\wshbth.dll
0x00007ffc4d590000 - 0x00007ffc4d5ad000 	C:\Windows\system32\NLAapi.dll
0x00007ffc278b0000 - 0x00007ffc278c2000 	C:\Windows\System32\winrnr.dll
0x000000006d680000 - 0x000000006d6a6000 	C:\Program Files\Bonjour\mdnsNSP.dll
0x00007ffc4ad20000 - 0x00007ffc4ad2a000 	C:\Windows\System32\rasadhlp.dll
0x00007ffc496b0000 - 0x00007ffc49730000 	C:\Windows\System32\fwpuclnt.dll
0x00007ffc50d10000 - 0x00007ffc50d43000 	C:\Windows\SYSTEM32\ntmarta.dll
0x00007ffc29d80000 - 0x00007ffc29d87000 	C:\Program Files\Eclipse Adoptium\jdk-17.0.17.10-hotspot\bin\rmi.dll
0x00007ffbd06d0000 - 0x00007ffbd0861000 	C:\Program Files\Eclipse Adoptium\jdk-17.0.17.10-hotspot\bin\awt.dll
0x00007ffc4dc70000 - 0x00007ffc4dd04000 	C:\Windows\SYSTEM32\apphelp.dll
0x00007ffc4f020000 - 0x00007ffc4f0be000 	C:\Windows\system32\uxtheme.dll
0x00007ffc52550000 - 0x00007ffc52665000 	C:\Windows\System32\MSCTF.dll
0x00007ffc52410000 - 0x00007ffc5253b000 	C:\Windows\System32\ole32.dll

dbghelp: loaded successfully - version: 4.0.5 - missing functions: none
symbol engine: initialized successfully - sym options: 0x614 - pdb path: .;C:\Program Files\Eclipse Adoptium\jdk-17.0.17.10-hotspot\bin;C:\Windows\SYSTEM32;C:\Windows\WinSxS\amd64_microsoft.windows.common-controls_6595b64144ccf1df_6.0.19041.6456_none_60b8a6cb71f64256;C:\Program Files\Eclipse Adoptium\jdk-17.0.17.10-hotspot\bin\server;C:\Users\MSI\.gradle\native\1def1411415f61bf3af743bc5b6707747c0891f09f0c88961ee8f79bc544acac\windows-amd64;C:\Users\MSI\.gradle\native\0.2.7\x86_64-windows-gnu;C:\Program Files\Bonjour

VM Arguments:
jvm_args: --add-opens=java.base/java.lang=ALL-UNNAMED --add-opens=java.base/java.lang.invoke=ALL-UNNAMED --add-opens=java.base/java.util=ALL-UNNAMED --add-opens=java.prefs/java.util.prefs=ALL-UNNAMED --add-exports=jdk.compiler/com.sun.tools.javac.api=ALL-UNNAMED --add-exports=jdk.compiler/com.sun.tools.javac.util=ALL-UNNAMED --add-opens=java.base/java.util=ALL-UNNAMED --add-opens=java.prefs/java.util.prefs=ALL-UNNAMED --add-opens=java.base/java.nio.charset=ALL-UNNAMED --add-opens=java.base/java.net=ALL-UNNAMED --add-opens=java.base/java.util.concurrent.atomic=ALL-UNNAMED --add-opens=java.xml/javax.xml.namespace=ALL-UNNAMED -XX:MaxMetaspaceSize=512m -Xmx2048m -Dfile.encoding=windows-1252 -Duser.country=US -Duser.language=en -Duser.variant -javaagent:C:\Users\MSI\.gradle\wrapper\dists\gradle-8.14.3-bin\cv11ve7ro1n3o1j4so8xd9n66\gradle-8.14.3\lib\agents\gradle-instrumentation-agent-8.14.3.jar 
java_command: org.gradle.launcher.daemon.bootstrap.GradleDaemon 8.14.3
java_class_path (initial): C:\Users\MSI\.gradle\wrapper\dists\gradle-8.14.3-bin\cv11ve7ro1n3o1j4so8xd9n66\gradle-8.14.3\lib\gradle-daemon-main-8.14.3.jar
Launcher Type: SUN_STANDARD

[Global flags]
     intx CICompilerCount                          = 4                                         {product} {ergonomic}
   size_t CompressedClassSpaceSize                 = 436207616                                 {product} {ergonomic}
     uint ConcGCThreads                            = 3                                         {product} {ergonomic}
     uint G1ConcRefinementThreads                  = 10                                        {product} {ergonomic}
   size_t G1HeapRegionSize                         = 1048576                                   {product} {ergonomic}
    uintx GCDrainStackTargetSize                   = 64                                        {product} {ergonomic}
   size_t InitialHeapSize                          = 266338304                                 {product} {ergonomic}
   size_t MarkStackSize                            = 4194304                                   {product} {ergonomic}
   size_t MaxHeapSize                              = 2147483648                                {product} {command line}
   size_t MaxMetaspaceSize                         = 536870912                                 {product} {command line}
   size_t MaxNewSize                               = 1287651328                                {product} {ergonomic}
   size_t MinHeapDeltaBytes                        = 1048576                                   {product} {ergonomic}
   size_t MinHeapSize                              = 8388608                                   {product} {ergonomic}
    uintx NonNMethodCodeHeapSize                   = 5839372                                {pd product} {ergonomic}
    uintx NonProfiledCodeHeapSize                  = 122909434                              {pd product} {ergonomic}
    uintx ProfiledCodeHeapSize                     = 122909434                              {pd product} {ergonomic}
    uintx ReservedCodeCacheSize                    = 251658240                              {pd product} {ergonomic}
     bool SegmentedCodeCache                       = true                                      {product} {ergonomic}
   size_t SoftMaxHeapSize                          = 2147483648                             {manageable} {ergonomic}
     bool UseCompressedClassPointers               = true                           {product lp64_product} {ergonomic}
     bool UseCompressedOops                        = true                           {product lp64_product} {ergonomic}
     bool UseG1GC                                  = true                                      {product} {ergonomic}
     bool UseLargePagesIndividualAllocation        = false                                  {pd product} {ergonomic}

Logging:
Log output configuration:
 #0: stdout all=warning uptime,level,tags
 #1: stderr all=off uptime,level,tags

Environment Variables:
JAVA_HOME=C:\Program Files\Eclipse Adoptium\jdk-17.0.17.10-hotspot
PATH=C:\Program Files\Eclipse Adoptium\jdk-17.0.17.10-hotspot\bin;C:\Program Files\Common Files\Oracle\Java\javapath;C:\Program Files (x86)\Common Files\Oracle\Java\javapath;C:\Windows\system32;C:\Windows;C:\Windows\System32\Wbem;C:\Windows\System32\WindowsPowerShell\v1.0\;C:\Windows\System32\OpenSSH\;C:\Program Files (x86)\NVIDIA Corporation\PhysX\Common;C:\Program Files (x86)\Windows Live\Shared;C:\Users\MSI\AppData\Roaming\nvm;C:\Program Files\nodejs;C:\Program Files\MySQL\MySQL Server 8.0\bin;C:\Program Files\dotnet\;C:\Program Files\NVIDIA Corporation\NVIDIA app\NvDLISR;C:\Program Files\nodejs\;C:\Program Files\Microsoft SQL Server\Client SDK\ODBC\170\Tools\Binn\;C:\Program Files (x86)\Microsoft SQL Server\150\Tools\Binn\;C:\Program Files\Microsoft SQL Server\150\Tools\Binn\;C:\Program Files\Microsoft SQL Server\150\DTS\Binn\;C:\Program Files (x86)\Microsoft SQL Server\150\DTS\Binn\;C:\Program Files\Azure Data Studio\bin;C:\Program Files\Ballerina\\bin;C:\Program Files\Git\cmd;C:\Program Files\Maven\apache-maven-3.9.11\bin;C:\Users\MSI\AppData\Local\Muse Hub\lib;C:\Program Files\MongoDB\Server\8.2\bin;C:\Program Files\cursor\resources\app\bin;C:\Users\MSI\.cargo\bin;C:\Users\MSI\AppData\Local\Programs\Python\Python312\Scripts\;C:\Users\MSI\AppData\Local\Programs\Python\Python312\;C:\Program Files\MySQL\MySQL Shell 8.0\bin\;C:\Users\MSI\AppData\Local\Microsoft\WindowsApps;C:\Users\MSI\AppData\Local\Programs\Microsoft VS Code\bin;C:\Users\MSI\AppData\Roaming\nvm;C:\Program Files\nodejs;C:\Users\MSI\AppData\Local\GitHubDesktop\bin;C:\Users\MSI\AppData\Local\Muse Hub\lib;C:\Users\MSI\AppData\Local\Programs\mongosh\;C:\Users\MSI\AppData\Roaming\npm;C:\Program Files\Azure Data Studio\bin;D:\flutter\flutter\bin;C:\Users\MSI\AppData\Local\Programs\Antigravity\bin;C:\Users\MSI\AppData\Local\Programs\cursor\resources\app\bin;D:\androidsdk\platform-tools;D:\androidsdk\emulator;C:\Users\MSI\.cargo\bin;c:\Users\MSI\.antigravity\extensions\vscjava.vscode-java-debug-0.59.0-universal\bundled\scripts\noConfigScripts
USERNAME=MSI
LANG=en_US.UTF-8
OS=Windows_NT
PROCESSOR_IDENTIFIER=Intel64 Family 6 Model 165 Stepping 2, GenuineIntel
TMP=C:\Users\MSI\AppData\Local\Temp
TEMP=C:\Users\MSI\AppData\Local\Temp



Periodic native trim disabled


---------------  S Y S T E M  ---------------

OS:
 Windows 10 , 64 bit Build 19041 (10.0.19041.5915)
OS uptime: 0 days 19:52 hours

CPU: total 12 (initial active 12) (6 cores per cpu, 2 threads per core) family 6 model 165 stepping 2 microcode 0xe2, cx8, cmov, fxsr, ht, mmx, 3dnowpref, sse, sse2, sse3, ssse3, sse4.1, sse4.2, popcnt, lzcnt, tsc, tscinvbit, avx, avx2, aes, erms, clmul, bmi1, bmi2, adx, fma, vzeroupper, clflush, clflushopt
Processor Information for all 12 processors :
  Max Mhz: 2496, Current Mhz: 2496, Mhz Limit: 2496

Memory: 4k page, system-wide physical 16201M (372M free)
TotalPageFile size 35506M (AvailPageFile size 37M)
current process WorkingSet (physical memory assigned to process): 846M, peak: 1201M
current process commit charge ("private bytes"): 2176M, peak: 2183M

vm_info: OpenJDK 64-Bit Server VM (17.0.17+10) for windows-amd64 JRE (17.0.17+10), built on Oct 21 2025 23:25:32 by "admin" with unknown MS VC++:1942

END.
